box_properties,  0.25, 0.25, 0.25, 0, 0, 0, 0.3, 0.025, 0.025
pre_hit_joints,  -0.304567, 1.13538, 0.294334, -1.56499, 1.28613, 1.41718, 0.0075442
post_hit_joints, -0.284165, 1.13176, 0.305858, -1.57342, 1.31034, 1.40088, 0.0306468
pre_hit_ee,      0.00388243, -0.977078, 0.190328, 0.358065, 0.611356, 0.607101, -0.359808, -0.0204708, 0.919445, 0.0956846, 0.433369, 1.48695, -0.0687347
post_hit_ee,     0.00320834, -0.956904, 0.193032, 0.367304, 0.601955, 0.603902, -0.371537, -0.0392693, 0.859148, 0.138584, 0.324959, 1.40741, -0.0503382
pre_hit_object,  -6.37395e-06, -0.799997, 0.174999, -5.39571e-06
post_hit_trajectory:
0.000168072, -0.786475, 0.176899, -0.00362613, -0.215746
0.000214436, -0.702201, 0.174999, -0.000965278, -7.54218e-05
0.000213509, -0.620379, 0.174999, -0.000969975, -4.26456e-05
0.000212519, -0.536826, 0.174999, -0.000973876, -3.41455e-05
0.000211533, -0.456604, 0.174999, -0.000976863, -2.52857e-05
0.000210561, -0.381153, 0.174999, -0.000978922, -1.69165e-05
0.000209481, -0.302192, 0.174999, -0.00098021, -7.43388e-06
0.000208425, -0.229516, 0.174999, -0.000980478, 2.09689e-06
0.000207381, -0.161388, 0.174999, -0.000979806, 1.15564e-05
0.00020628, -0.0923207, 0.174999, -0.000978109, 2.1408e-05
0.00020528, -0.0321918, 0.174999, -0.000975706, 3.03617e-05
0.000204189, 0.0300986, 0.174999, -0.000972179, 4.02802e-05
0.000203032, 0.0922815, 0.174999, -0.000967461, 5.05124e-05
0.00020196, 0.146767, 0.174999, -0.000962241, 5.95267e-05
0.000203711, 0.20739, 0.174999, 0.000846979, 7.32342e-05
0.000202638, 0.260702, 0.174999, 0.000853564, 6.54538e-05
0.000201496, 0.315127, 0.174999, 0.000860546, 7.17215e-05
0.000200295, 0.369714, 0.174999, 0.000867864, 6.63706e-05
0.000199175, 0.418238, 0.174999, 0.000874701, 6.71457e-05
0.000197988, 0.46724, 0.174999, 0.000881971, 6.98094e-05
0.000196845, 0.51189, 0.174999, 0.000888937, 7.17658e-05
0.000195643, 0.556208, 0.174999, 0.000896254, 7.17066e-05
0.00019458, 0.593204, 0.174999, 0.000902733, 6.89552e-05
0.000193414, 0.631431, 0.174999, 0.000909844, 6.8767e-05
0.000192238, 0.6675, 0.174999, 0.000917037, 6.56062e-05
0.000191095, 0.700071, 0.174999, 0.000924014, 7.17457e-05
0.000189941, 0.730532, 0.174999, 0.000931056, 7.20335e-05
end, stopped
pred_stop_pos, 9.26425e-05, 0.903128, 0.175167


box_properties,  0.25, 0.25, 0.25, 0, 0, 0, 0.3, 0.025, 0.025
pre_hit_joints,  -0.403692, 1.14692, 0.319897, -1.53895, 1.25017, 1.45586, 1.3951
post_hit_joints, -0.383391, 1.1424, 0.335766, -1.55243, 1.26569, 1.43313, 1.34896
pre_hit_ee,      -0.00893466, 1.01976, 0.194911, 0.227359, -0.656274, 0.669763, 0.262735, 0.033136, -0.939111, 0.103684, -0.10107, 1.9915, 0.231444
post_hit_ee,     -0.00806273, 1.00099, 0.197138, 0.241989, -0.649917, 0.666116, 0.274478, 0.0497969, -0.866713, 0.106002, -0.0353237, 2.00787, 0.214496
pre_hit_object,  0.000190839, 0.830416, 0.174999, 9.54795e-05
post_hit_trajectory:
0.000168244, 0.829525, 0.175007, -0.00351307, -0.831821
-0.00387642, 0.748189, 0.174999, -0.0513364, -0.213538
-0.00520995, 0.662194, 0.174999, -0.0614444, 5.13046e-05
-0.00521095, 0.587538, 0.174999, -0.0614399, 4.60943e-05
-0.005212, 0.510395, 0.174999, -0.0614356, 4.01484e-05
-0.00521313, 0.428977, 0.174999, -0.0614316, 3.36479e-05
-0.00521418, 0.355422, 0.174999, -0.0614285, 2.75502e-05
-0.00521517, 0.288517, 0.174999, -0.0614262, 2.18677e-05
-0.00521619, 0.221148, 0.174999, -0.0614243, 1.5943e-05
-0.0052172, 0.156824, 0.174999, -0.0614231, 1.0078e-05
-0.00521831, 0.0892801, 0.174999, -0.0614223, 3.54612e-06
-0.00521933, 0.0298784, 0.174999, -0.0614223, -2.5033e-06
-0.00522032, -0.0254588, 0.174999, -0.0614228, -8.28892e-06
-0.0052214, -0.0845934, 0.174999, -0.061424, -1.46064e-05
-0.00522239, -0.137337, 0.174999, -0.0614257, -2.03047e-05
-0.00522337, -0.187679, 0.174999, -0.061428, -2.58903e-05
-0.00522438, -0.237506, 0.174999, -0.061431, -3.14963e-05
-0.00522535, -0.283395, 0.174999, -0.0614344, -3.71773e-05
-0.00522624, -0.323449, 0.174999, -0.0614381, -4.24373e-05
-0.00522728, -0.367823, 0.174999, -0.0614429, -4.85458e-05
-0.00522823, -0.405614, 0.174999, -0.0614479, -5.37779e-05
-0.00522612, -0.443858, 0.174999, -0.0645006, -4.23786e-08
-0.00522651, -0.479831, 0.174999, -0.0645023, -4.82922e-05
-0.00522736, -0.513614, 0.174999, -0.0645063, -4.82918e-05
-0.00522823, -0.545353, 0.174999, -0.0645103, -3.98769e-05
-0.00522912, -0.575542, 0.174999, -0.0645145, -4.92236e-05
-0.00523, -0.602924, 0.174999, -0.0645187, -4.81306e-05
-0.00523084, -0.626633, 0.174999, -0.0645226, -3.92995e-05
-0.00523169, -0.648507, 0.174999, -0.0645266, -3.92991e-05
-0.00523256, -0.668403, 0.174999, -0.0645307, -4.8128e-05
-0.0052335, -0.686977, 0.174999, -0.0645351, -4.82953e-05
-0.00523437, -0.701801, 0.174999, -0.0645392, -4.92179e-05
end, free


box_properties,  0.25, 0.25, 0.25, 0, 0, 0, 0.3, 0.025, 0.025
pre_hit_joints,  -0.285421, 1.14058, 0.379939, -1.57703, 1.30798, 1.3386, 1.51308
post_hit_joints, -0.262364, 1.1408, 0.394166, -1.58102, 1.32624, 1.31614, 1.46947
pre_hit_ee,      0.00442301, -0.933704, 0.197517, 0.674144, 0.192557, 0.192272, -0.686646, -0.0592313, 0.934988, 0.0583115, 0.152794, -1.8721, 0.182753
post_hit_ee,     0.00289087, -0.910366, 0.199169, 0.667945, 0.210002, 0.207117, -0.683265, -0.0572127, 0.861981, 0.0573267, 0.0865081, -1.93611, 0.148954
pre_hit_object,  -0.00523922, -0.739539, 0.174999, -0.064562
post_hit_trajectory:
-0.00521119, -0.738838, 0.175022, -0.0476376, 10.6971
-0.0104632, -0.644047, 0.174999, 0.451568, 3.0677
-0.0179739, -0.541579, 0.174999, 0.69896, 1.59221
-0.0228314, -0.450998, 0.174999, 0.779298, 0.210477
-0.0247245, -0.363026, 0.174999, 0.790007, 0.00845284
-0.0247267, -0.278269, 0.174999, 0.79002, -1.54921e-07
-0.0245493, -0.19311, 0.174998, 0.791923, 0.425844
-0.0219486, -0.105132, 0.174999, 0.807378, 0.0628599
-0.0217291, -0.0157194, 0.174999, 0.80862, -1.46548e-07
-0.0217295, 0.0710846, 0.174999, 0.808616, -4.29959e-05
-0.0217302, 0.151075, 0.174999, 0.808616, 4.96742e-05
-0.0217311, 0.230487, 0.174999, 0.80862, 3.52991e-05
-0.0217321, 0.314505, 0.174999, 0.808625, 3.88301e-05
-0.0217329, 0.385251, 0.174999, 0.808628, 3.88341e-05
-0.0217339, 0.459683, 0.174999, 0.808633, 4.96819e-05
-0.0217348, 0.530915, 0.174999, 0.808637, 3.8843e-05
-0.0217358, 0.600373, 0.174999, 0.808641, 4.96925e-05
-0.0217367, 0.666681, 0.174999, 0.808645, 3.88518e-05
-0.0217376, 0.729286, 0.174999, 0.808649, 4.97029e-05
end, stopped
pred_stop_pos, -0.0217347, 1.5323, 0.171962


box_properties,  0.25, 0.25, 0.25, 0, 0, 0, 0.3, 0.025, 0.025
pre_hit_joints,  -0.479019, 1.17144, 0.316375, -1.48116, 1.17105, 1.51414, 1.62115
post_hit_joints, -0.461926, 1.17141, 0.330615, -1.49131, 1.18358, 1.49585, 1.57834
pre_hit_ee,      -0.0131012, 1.07496, 0.191391, 0.163785, -0.67556, 0.692067, 0.194517, -0.0398964, -0.886788, -0.035904, -0.275692, 1.84596, 0.192756
post_hit_ee,     -0.0137931, 1.05882, 0.191342, 0.176778, -0.669995, 0.691054, 0.205671, -0.0397606, -0.77611, 0.0268469, -0.238949, 1.89367, 0.172664
pre_hit_object,  -0.00236537, 0.854637, 0.174999, 1.0767
post_hit_trajectory:
-0.00112461, 0.849535, 0.175743, 1.08291, 1.13327
0.0182975, 0.775601, 0.174999, 1.24244, 1.07946
0.0328298, 0.712176, 0.174999, 1.33633, 0.893339
0.0449617, 0.645277, 0.174999, 1.41904, 0.701553
0.0535583, 0.582844, 0.174999, 1.4808, 0.521479
0.0592267, 0.524073, 0.174999, 1.52331, 0.338824
0.0622709, 0.470492, 0.174999, 1.54683, 0.162362
0.0631444, 0.414801, 0.174999, 1.55368, -5.2577e-07
0.063144, 0.364204, 0.174999, 1.55367, -2.41791e-05
0.0631436, 0.314456, 0.174999, 1.55367, -3.56813e-05
0.0628314, 0.265095, 0.174999, 1.59028, 0.216489
0.0626687, 0.212369, 0.174999, 1.59203, -1.18519e-07
0.0626688, 0.161431, 0.174999, 1.59203, 9.55342e-06
0.0626689, 0.111592, 0.174999, 1.59203, 1.62128e-06
0.062669, 0.0670529, 0.174999, 1.59203, 2.20284e-06
0.062669, 0.0236125, 0.174999, 1.59204, 1.53617e-06
0.0626691, -0.0181141, 0.174999, 1.59204, 2.25438e-06
0.0626692, -0.0550335, 0.174999, 1.59204, 2.05568e-06
0.0626692, -0.0913695, 0.174999, 1.59204, 1.46963e-06
0.0626693, -0.122278, 0.174999, 1.59204, 1.34651e-06
0.0626694, -0.153741, 0.174999, 1.59204, 2.8179e-06
0.0626695, -0.182384, 0.174999, 1.59204, 2.83582e-06
0.0626695, -0.208281, 0.174999, 1.59204, 2.83474e-06
0.0626696, -0.231728, 0.174999, 1.59204, 2.78619e-06
0.0626697, -0.252922, 0.174999, 1.59204, 2.82499e-06
0.0626698, -0.271963, 0.174999, 1.59204, 2.83145e-06
0.0626698, -0.288109, 0.174999, 1.59204, 2.75687e-06
0.0626699, -0.301511, 0.174999, 1.59204, 2.82797e-06
0.06267, -0.31261, 0.174999, 1.59204, 2.85702e-06
0.0626701, -0.32111, 0.174999, 1.59204, 2.84251e-06
0.0626701, -0.327557, 0.174999, 1.59204, 2.82497e-06
0.0626702, -0.331181, 0.174999, 1.59204, 2.83336e-06
end, free


box_properties,  0.25, 0.25, 0.25, 0, 0, 0, 0.3, 0.025, 0.025
pre_hit_joints,  -0.382794, 1.1596, 0.393142, -1.54729, 1.22856, 1.37598, 1.44281
post_hit_joints, -0.361211, 1.15769, 0.404905, -1.55555, 1.24546, 1.35644, 1.39761
pre_hit_ee,      0.0103005, -0.984742, 0.194606, 0.662858, 0.221269, 0.233851, -0.675998, -0.0365806, 0.941349, 0.0622507, 0.165462, -1.93597, 0.215699
post_hit_ee,     0.00943655, -0.966605, 0.196088, 0.656802, 0.235466, 0.245659, -0.672918, -0.0411356, 0.803254, 0.0718714, 0.100591, -1.96498, 0.193795
pre_hit_object,  -5.26442e-06, -0.799997, 0.174999, -4.4784e-06
post_hit_trajectory:
-0.00010308, -0.795777, 0.175406, 0.00106703, 0.21628
-0.0013368, -0.704281, 0.174999, 0.0117762, -5.85477e-05
-0.00133781, -0.613291, 0.174999, 0.011771, -4.94766e-05
-0.00133874, -0.531695, 0.174999, 0.0117666, -4.56325e-05
-0.00133976, -0.445604, 0.174999, 0.0117621, -4.13924e-05
-0.00134079, -0.361255, 0.174999, 0.0117581, -3.70288e-05
-0.00134183, -0.279505, 0.174999, 0.0117545, -3.24319e-05
-0.00134283, -0.202622, 0.174999, 0.0117515, -2.78717e-05
-0.00134378, -0.132587, 0.174999, 0.0117491, -2.36197e-05
-0.0013448, -0.0604573, 0.174999, 0.011747, -1.92021e-05
-0.0013458, 0.00785265, 0.174999, 0.0117453, -1.48281e-05
-0.00134691, 0.0797489, 0.174999, 0.011744, -9.91884e-06
-0.00134796, 0.144406, 0.174999, 0.0117433, -5.21726e-06
-0.00134896, 0.20295, 0.174999, 0.011743, -7.08937e-07
-0.00135002, 0.262854, 0.174999, 0.0117432, 4.14384e-06
-0.00135115, 0.323116, 0.174999, 0.0117439, 9.26395e-06
-0.00135219, 0.376387, 0.174999, 0.011745, 1.39359e-05
-0.00135327, 0.428891, 0.174999, 0.0117466, 1.86907e-05
-0.00135435, 0.479434, 0.174999, 0.0117487, 2.35058e-05
-0.0013554, 0.526087, 0.174999, 0.0117513, 2.81785e-05
-0.0013565, 0.572145, 0.174999, 0.0117544, 3.31382e-05
-0.0013576, 0.615239, 0.174999, 0.011758, 3.80794e-05
-0.00135869, 0.655444, 0.174999, 0.011762, 4.29901e-05
-0.00135982, 0.693929, 0.174999, 0.0117667, 4.79691e-05
-0.00136092, 0.728845, 0.174999, 0.0117716, 5.2663e-05
end, stopped
pred_stop_pos, -0.00126652, 0.968115, 0.175409


box_properties,  0.25, 0.25, 0.25, 0, 0, 0, 0.3, 0.025, 0.025
pre_hit_joints,  -0.405784, 1.15461, 0.338701, -1.53343, 1.24269, 1.44078, 1.39302
post_hit_joints, -0.385461, 1.14941, 0.35209, -1.54648, 1.25841, 1.42069, 1.34673
pre_hit_ee,      -0.0111801, 1.01802, 0.193453, 0.227543, -0.656185, 0.670116, 0.261896, 0.0378272, -0.933988, 0.115406, -0.12566, 2.00617, 0.242715
post_hit_ee,     -0.0102694, 1.00042, 0.195822, 0.241535, -0.649967, 0.666789, 0.273121, 0.0494356, -0.837703, 0.121295, -0.056003, 2.01944, 0.221391
pre_hit_object,  -0.00173005, 0.830718, 0.174999, -0.00168996
post_hit_trajectory:
-0.00167114, 0.829367, 0.175137, -0.00826762, -2.80282
-0.000901611, 0.737331, 0.174999, -0.0247585, 5.69021e-05
-0.000902652, 0.653202, 0.174999, -0.0247532, 5.19529e-05
-0.00090374, 0.567222, 0.174999, -0.0247482, 4.63316e-05
-0.000904756, 0.488628, 0.174999, -0.024744, 4.10348e-05
-0.000905839, 0.406815, 0.174999, -0.0247401, 3.53608e-05
-0.000906896, 0.329113, 0.174999, -0.0247368, 2.96971e-05
-0.000907938, 0.254643, 0.174999, -0.0247341, 2.41872e-05
-0.000908971, 0.183331, 0.174999, -0.024732, 1.87534e-05
-0.000910051, 0.111687, 0.174999, -0.0247304, 1.30662e-05
-0.000911109, 0.0446157, 0.174999, -0.0247294, 7.42329e-06
-0.000912082, -0.0142899, 0.174999, -0.0247289, 2.17374e-06
-0.000913166, -0.077293, 0.174999, -0.024729, -3.74343e-06
-0.000914323, -0.141898, 0.174999, -0.0247298, -1.00116e-05
-0.000915354, -0.197486, 0.174999, -0.024731, -1.55775e-05
-0.00091641, -0.252381, 0.174999, -0.0247328, -2.11889e-05
-0.000917488, -0.306361, 0.174999, -0.0247353, -2.68381e-05
-0.000918454, -0.352867, 0.174999, -0.024738, -3.18527e-05
-0.000919499, -0.400973, 0.174999, -0.0247415, -3.74714e-05
-0.000920521, -0.445701, 0.174999, -0.0247455, -4.29485e-05
-0.000921564, -0.488858, 0.174999, -0.0247501, -4.84135e-05
-0.000922641, -0.530685, 0.174999, -0.0247554, -5.39266e-05
-0.000923697, -0.568769, 0.174999, -0.0247611, -5.89726e-05
-0.000926891, -0.605229, 0.174999, -0.0247982, -6.226e-05
-0.000927916, -0.640404, 0.174999, -0.0248044, -6.25291e-05
-0.000928953, -0.673548, 0.174999, -0.0248107, -6.54719e-05
-0.000930064, -0.706373, 0.174999, -0.0248175, -6.5062e-05
-0.000931042, -0.733456, 0.174999, -0.0248223, -4.48471e-05
-0.000932063, -0.759328, 0.174999, -0.0248272, -4.74051e-05
-0.000933125, -0.783696, 0.174999, -0.0248322, -5.2241e-05
-0.000934205, -0.805862, 0.174999, -0.0248374, -4.74045e-05
-0.000935203, -0.823939, 0.174999, -0.0248421, -5.1327e-05
-0.000936246, -0.840311, 0.174999, -0.0248471, -5.22285e-05
-0.000937199, -0.853177, 0.174999, -0.0248516, -4.48459e-05
end, free


box_properties,  0.25, 0.25, 0.25, 0, 0, 0, 0.3, 0.025, 0.025
pre_hit_joints,  -0.488725, 1.19739, 0.361607, -1.46705, 1.15869, 1.53503, 1.56311
post_hit_joints, -0.473402, 1.19012, 0.373092, -1.48628, 1.16925, 1.51658, 1.51893
pre_hit_ee,      0.0166337, -1.06661, 0.18855, 0.648025, 0.188008, 0.214083, -0.706318, -0.0794511, 0.869151, 0.0810363, 0.16697, -1.78037, 0.182042
post_hit_ee,     0.0149551, -1.05127, 0.190459, 0.643061, 0.200746, 0.224219, -0.704202, -0.0955453, 0.751999, 0.117692, 0.1074, -1.80188, 0.153128
pre_hit_object,  -0.000942508, -0.886062, 0.174999, -0.0248769
post_hit_trajectory:
-0.00107587, -0.878825, 0.175526, 0.0459234, 6.72104
-0.00739666, -0.78386, 0.174999, 0.330117, 1.3281
-0.0143729, -0.687593, 0.174999, 0.402905, 0.312112
-0.0174534, -0.597136, 0.174999, 0.42162, 0.0791699
-0.0177668, -0.509177, 0.174999, 0.423516, 1.86433e-08
-0.0177675, -0.426221, 0.174999, 0.423513, -4.06034e-05
-0.0177687, -0.342377, 0.174999, 0.42351, -2.05465e-05
-0.0177698, -0.261867, 0.174999, 0.423508, -3.6776e-06
-0.0177707, -0.189944, 0.174999, 0.423509, 1.01017e-05
-0.0177716, -0.114972, 0.174999, 0.42351, 2.29925e-05
-0.0177725, -0.0374648, 0.174999, 0.423513, 3.5291e-05
-0.0177733, 0.0310616, 0.174999, 0.423517, 4.59378e-05
-0.017774, 0.0972348, 0.174999, 0.423522, 5.7226e-05
-0.0181084, 0.165293, 0.174999, 0.436672, 0.0797131
-0.018206, 0.232654, 0.174999, 0.436805, -8.97758e-06
-0.0182064, 0.297955, 0.174999, 0.436806, 9.14051e-06
-0.0182067, 0.357723, 0.174999, 0.436807, 9.14085e-06
-0.0182071, 0.421801, 0.174999, 0.436808, 9.14124e-06
-0.0182074, 0.479162, 0.174999, 0.436808, 9.14161e-06
-0.0182078, 0.534664, 0.174999, 0.436809, 9.14198e-06
-0.0182081, 0.588235, 0.174999, 0.43681, 9.14235e-06
-0.0182085, 0.639306, 0.174999, 0.436811, 9.14272e-06
-0.0182088, 0.686002, 0.174999, 0.436812, 9.14308e-06
-0.0182092, 0.731729, 0.174999, 0.436813, 9.14345e-06
end, stopped
pred_stop_pos, -0.0182098, 1.13852, 0.0693649


box_properties,  0.25, 0.25, 0.25, 0, 0, 0, 0.3, 0.025, 0.025
pre_hit_joints,  -0.433051, 0.966752, 0.0315145, -1.36938, 1.25789, 1.84804, 2.33089
post_hit_joints, -0.450926, 0.95134, 0.031497, -1.35532, 1.25617, 1.87041, 2.35631
pre_hit_ee,      -0.0307598, 1.17386, 0.321578, 0.00214819, -0.70719, 0.707015, 0.00279795, 0.0286662, 0.613821, 0.70734, -0.125896, 0.0449598, -0.0651962
post_hit_ee,     -0.0301668, 1.1849, 0.334292, 0.00200466, -0.706422, 0.707779, 0.00349686, 0.0375123, 0.610177, 0.702319, -0.11514, 0.0425384, -0.0660759
pre_hit_object,  -0.021191, 0.842184, 0.174999, -0.280024
post_hit_trajectory:
-0.0205796, 0.84222, 0.174999, -0.280256, 8.93179e-05
-0.0186324, 0.842221, 0.174999, -0.280253, 2.90523e-05
-0.0184962, 0.842221, 0.174999, -0.28025, 2.20566e-05
-0.0184971, 0.842221, 0.174999, -0.280248, 2.20562e-05
-0.0184981, 0.842222, 0.174999, -0.280246, 2.20557e-05
-0.018499, 0.842222, 0.174999, -0.280244, 2.20553e-05
-0.00520102, 0.782688, 0.174999, 0.419646, 7.12146
0.017671, 0.726812, 0.174999, 0.971942, 2.9573
0.0340182, 0.683573, 0.174999, 1.23427, 2.48767
0.044366, 0.642292, 0.174999, 1.44443, 1.56581
0.0492946, 0.605784, 0.174999, 1.52617, 0.269881
0.0514778, 0.568484, 0.174999, 1.54303, 0.0606491
0.0515995, 0.535155, 0.174999, 1.54398, -4.52895e-05
0.0513021, 0.500983, 0.174999, 1.59489, 1.03455
0.0493274, 0.464112, 0.174999, 1.6416, 0.133842
0.048923, 0.425288, 0.174999, 1.64478, -4.03752e-05
0.0489225, 0.385571, 0.174999, 1.64478, -3.45663e-05
0.048922, 0.352998, 0.174999, 1.64478, -3.45643e-05
0.0489215, 0.320792, 0.174999, 1.64477, -3.4562e-05
0.048921, 0.290241, 0.174999, 1.64477, -3.45598e-05
0.0489206, 0.26465, 0.174999, 1.64477, -3.45577e-05
0.0489201, 0.239635, 0.174999, 1.64476, -3.45555e-05
0.0489196, 0.217793, 0.174999, 1.64476, -3.45533e-05
0.0489191, 0.197985, 0.174999, 1.64476, -3.45511e-05
0.0489187, 0.180676, 0.174999, 1.64476, -3.45489e-05
0.0489182, 0.166, 0.174999, 1.64475, -3.45467e-05
0.0489177, 0.153774, 0.174999, 1.64475, -3.45445e-05
0.0489172, 0.143828, 0.174999, 1.64475, -3.45423e-05
0.0489168, 0.136673, 0.174999, 1.64474, -3.45402e-05
0.0489163, 0.131761, 0.174999, 1.64474, -3.4538e-05
0.0489158, 0.12936, 0.174999, 1.64474, -3.45358e-05
end, free


box_properties,  0.25, 0.25, 0.25, 0, 0, 0, 0.3, 0.025, 0.025
pre_hit_joints,  -0.3831, 1.15931, 0.391194, -1.54679, 1.22834, 1.37673, 1.44331
post_hit_joints, -0.361504, 1.15743, 0.403114, -1.55517, 1.24534, 1.35716, 1.39801
pre_hit_ee,      0.0103145, -0.983832, 0.194595, 0.662832, 0.222481, 0.234978, -0.675234, -0.0381295, 0.942681, 0.0659215, 0.167736, -1.94124, 0.217619
post_hit_ee,     0.00951371, -0.967423, 0.195964, 0.657328, 0.235274, 0.245627, -0.672483, -0.0409174, 0.803145, 0.0720089, 0.108185, -1.9673, 0.196643
pre_hit_object,  -5.27538e-06, -0.799997, 0.174999, -4.48771e-06
post_hit_trajectory:
-0.000100226, -0.796641, 0.175346, 0.000977232, 0.261098
-0.0019711, -0.705412, 0.174999, 0.0161093, 0.0436167
-0.00203015, -0.616392, 0.174999, 0.0165585, -4.9081e-05
-0.00203113, -0.532406, 0.174999, 0.0165539, -4.44526e-05
-0.00203212, -0.450773, 0.174999, 0.0165498, -3.97541e-05
-0.00203312, -0.370695, 0.174999, 0.0165461, -3.49285e-05
-0.00203416, -0.290703, 0.174999, 0.0165428, -2.96469e-05
-0.0020352, -0.213259, 0.174999, 0.0165401, -2.43687e-05
-0.00203619, -0.141976, 0.174999, 0.016538, -1.94939e-05
-0.00203724, -0.0695055, 0.174999, 0.0165362, -1.43265e-05
-0.00203827, -0.00227771, 0.174999, 0.0165351, -9.2132e-06
-0.00203937, 0.067141, 0.174999, 0.0165344, -3.59993e-06
-0.0020404, 0.128246, 0.174999, 0.0165343, 1.63602e-06
-0.0020415, 0.191295, 0.174999, 0.0165348, 7.28307e-06
-0.00204254, 0.247719, 0.174999, 0.0165358, 1.25233e-05
-0.00204361, 0.304094, 0.174999, 0.0165373, 1.78805e-05
-0.00204475, 0.361175, 0.174999, 0.0165395, 2.35563e-05
-0.00204582, 0.412502, 0.174999, 0.0165421, 2.89118e-05
-0.0020468, 0.457081, 0.174999, 0.0165449, 3.38879e-05
-0.00204791, 0.504636, 0.174999, 0.0165487, 3.94682e-05
-0.00204903, 0.55007, 0.174999, 0.016553, 4.51983e-05
-0.00205011, 0.590886, 0.174999, 0.0165577, 5.04281e-05
-0.00205125, 0.630869, 0.174999, 0.0165631, 5.58377e-05
-0.0020524, 0.668657, 0.174999, 0.0165691, 6.12418e-05
-0.0020538, 0.702415, 0.174999, 0.0165778, 7.29077e-05
-0.00205493, 0.736666, 0.174999, 0.0165849, 7.13488e-05
end, stopped
pred_stop_pos, -0.00230697, 1.0814, 0.174968


box_properties,  0.25, 0.25, 0.25, 0, 0, 0, 0.3, 0.025, 0.025
pre_hit_joints,  -0.39894, 1.15433, 0.333597, -1.5314, 1.24787, 1.44163, 1.39349
post_hit_joints, -0.378671, 1.14882, 0.346467, -1.54449, 1.26366, 1.42219, 1.34717
pre_hit_ee,      -0.0120683, 1.01732, 0.193084, 0.226796, -0.657114, 0.6699, 0.260766, 0.0385424, -0.932742, 0.118834, -0.132792, 2.00897, 0.244216
post_hit_ee,     -0.0110664, 0.999076, 0.195637, 0.241542, -0.650542, 0.666432, 0.272619, 0.0511841, -0.798774, 0.123171, -0.0581109, 2.02274, 0.222681
pre_hit_object,  -0.00244929, 0.830586, 0.174999, -0.00560457
post_hit_trajectory:
-0.00245872, 0.827685, 0.175304, -0.00871135, -0.0367108
-0.00227375, 0.740239, 0.174999, -0.0123245, 5.70405e-05
-0.00227482, 0.652187, 0.174999, -0.012319, 5.21667e-05
-0.00227588, 0.566585, 0.174999, -0.0123141, 4.69563e-05
-0.00227692, 0.484252, 0.174999, -0.0123097, 4.16687e-05
-0.00227797, 0.403526, 0.174999, -0.0123058, 3.63879e-05
-0.00227909, 0.319861, 0.174999, -0.0123022, 3.06145e-05
-0.00228009, 0.247184, 0.174999, -0.0122995, 2.55215e-05
-0.00228115, 0.17316, 0.174999, -0.0122972, 2.02008e-05
-0.00228218, 0.103723, 0.174999, -0.0122955, 1.49728e-05
-0.00228328, 0.0332797, 0.174999, -0.0122943, 9.38013e-06
-0.00228433, -0.0313311, 0.174999, -0.0122936, 3.92338e-06
-0.00228539, -0.0929656, 0.174999, -0.0122935, -1.6151e-06
-0.00228655, -0.15828, 0.174999, -0.012294, -7.74331e-06
-0.00228764, -0.216786, 0.174999, -0.0122951, -1.34364e-05
-0.00228872, -0.272842, 0.174999, -0.0122967, -1.90448e-05
-0.00228978, -0.325924, 0.174999, -0.0122988, -2.44777e-05
-0.00229085, -0.377104, 0.174999, -0.0123015, -2.98901e-05
-0.00229191, -0.425359, 0.174999, -0.0123048, -3.53484e-05
-0.00229298, -0.472114, 0.174999, -0.0123086, -4.092e-05
-0.00229407, -0.516795, 0.174999, -0.0123131, -4.64879e-05
-0.00229511, -0.556922, 0.174999, -0.0123178, -5.1534e-05
-0.00229618, -0.595876, 0.174999, -0.0123232, -5.68251e-05
-0.00229807, -0.632467, 0.174999, -0.0126931, -6.43461e-05
-0.00229915, -0.669425, 0.174999, -0.0126996, -6.7321e-05
-0.00230023, -0.703269, 0.174999, -0.0127058, -4.94969e-05
-0.00230132, -0.735689, 0.174999, -0.0127109, -5.37354e-05
end, stopped
pred_final_pos, -0.00223137, -0.949816, 0.175063


box_properties,  0.25, 0.25, 0.25, 0, 0, 0, 0.3, 0.025, 0.025
pre_hit_joints,  -0.43355, 1.15867, 0.390983, -1.55383, 1.21075, 1.4005, 1.38028
post_hit_joints, -0.412794, 1.1535, 0.401856, -1.56595, 1.22742, 1.38213, 1.33378
pre_hit_ee,      0.00625508, -1.0157, 0.193887, 0.655684, 0.230349, 0.261194, -0.669922, -0.0407304, 0.934006, 0.122761, 0.127859, -2.00038, 0.236537
post_hit_ee,     0.00529296, -0.99765, 0.196446, 0.649174, 0.244994, 0.272995, -0.666351, -0.0486894, 0.807813, 0.121077, 0.0552388, -2.01188, 0.217554
pre_hit_object,  -0.00308937, -0.83068, 0.174999, 0.0182282
post_hit_trajectory:
-0.00312798, -0.826277, 0.175462, -0.000242218, -3.16578
-0.00189205, -0.733681, 0.174999, -0.0616687, -0.0254824
-0.00187456, -0.642304, 0.174999, -0.0618077, -4.33431e-05
-0.00187539, -0.555161, 0.174999, -0.0618118, -3.93326e-05
-0.0018763, -0.463677, 0.174999, -0.0618157, -3.45479e-05
-0.00187708, -0.388079, 0.174999, -0.0618186, -3.04633e-05
-0.00187799, -0.304166, 0.174999, -0.0618215, -2.57557e-05
-0.00187886, -0.227519, 0.174999, -0.0618238, -2.13944e-05
-0.00187981, -0.148753, 0.174999, -0.0618258, -1.66574e-05
-0.00188074, -0.0755156, 0.174999, -0.0618272, -1.19168e-05
-0.0018817, -0.00472788, 0.174999, -0.0618282, -6.9456e-06
-0.00188271, 0.0649516, 0.174999, -0.0618286, -1.63807e-06
-0.0018837, 0.129498, 0.174999, -0.0618285, 3.68076e-06
-0.00188475, 0.193557, 0.174999, -0.0618279, 9.32158e-06
-0.00188582, 0.255715, 0.174999, -0.0618266, 1.50826e-05
-0.00188687, 0.313606, 0.174999, -0.0618248, 2.07033e-05
-0.00188787, 0.365802, 0.174999, -0.0618227, 2.60228e-05
-0.00188899, 0.421136, 0.174999, -0.0618197, 3.21057e-05
-0.00189008, 0.471372, 0.174999, -0.0618163, 3.80746e-05
-0.00189126, 0.522584, 0.174999, -0.0618119, 4.43731e-05
-0.00189233, 0.565688, 0.174999, -0.0618076, 4.9859e-05
-0.00189359, 0.61351, 0.174999, -0.0618018, 5.61477e-05
-0.00189476, 0.654823, 0.174999, -0.0617959, 6.17342e-05
-0.00189738, 0.693491, 0.174999, -0.0637154, -0.0153081
-0.00189789, 0.73229, 0.174999, -0.0637178, 0.000107542
end, stopped
pred_stop_pos, -0.00189905, 1.20896, 0.174984


box_properties,  0.25, 0.25, 0.25, 0, 0, 0, 0.3, 0.025, 0.025
pre_hit_joints,  -0.406426, 1.14945, 0.339628, -1.54203, 1.24474, 1.43964, 1.37801
post_hit_joints, -0.385702, 1.14451, 0.352585, -1.5548, 1.26072, 1.41927, 1.33166
pre_hit_ee,      -0.00919497, 1.01715, 0.194986, 0.231284, -0.654512, 0.668857, 0.265992, 0.0407539, -0.939156, 0.112951, -0.0934403, 1.99802, 0.232377
post_hit_ee,     -0.00829571, 0.999781, 0.197184, 0.245214, -0.648449, 0.665272, 0.277124, 0.0481279, -0.838135, 0.110632, -0.029862, 2.00976, 0.216619
pre_hit_object,  -0.00021383, 0.831782, 0.174999, 0.0473805
post_hit_trajectory:
-8.74853e-05, 0.827765, 0.175263, 0.0332859, -1.66077
-0.00264628, 0.72985, 0.174999, -0.254092, -1.41169
-0.00644265, 0.634989, 0.174999, -0.315822, -0.167607
-0.00729316, 0.545109, 0.174999, -0.32121, -8.77234e-09
-0.00729348, 0.453179, 0.174999, -0.321209, 2.70198e-05
-0.00729431, 0.368981, 0.174999, -0.321206, 2.82808e-05
-0.00729511, 0.281267, 0.174999, -0.321204, 1.89618e-05
-0.00729584, 0.19862, 0.174999, -0.321202, 1.02163e-05
-0.0072965, 0.120816, 0.174999, -0.321202, 2.2306e-06
-0.00729712, 0.0438506, 0.174999, -0.321202, -5.07052e-06
-0.00729768, -0.0313978, 0.174999, -0.321203, -1.11477e-05
-0.00729816, -0.102022, 0.174999, -0.321204, -1.6039e-05
-0.00729861, -0.171662, 0.174999, -0.321206, -2.13381e-05
-0.00729904, -0.239511, 0.174999, -0.321208, -2.73399e-05
-0.00754188, -0.308071, 0.174999, -0.329679, -7.94001e-08
-0.00754211, -0.373602, 0.174999, -0.329681, -2.27658e-05
-0.00754261, -0.438772, 0.174999, -0.329683, -1.82603e-05
-0.00754309, -0.499617, 0.174999, -0.329685, -1.82601e-05
-0.00754358, -0.559863, 0.174999, -0.329686, -1.826e-05
-0.00754406, -0.615931, 0.174999, -0.329688, -1.82599e-05
-0.00754455, -0.670181, 0.174999, -0.32969, -1.82598e-05
-0.00754503, -0.721519, 0.174999, -0.329692, -1.82597e-05
end, stopped
pred_final_pos, -0.00754545, -1.25488, 0.172811


box_properties,  0.25, 0.25, 0.25, 0, 0, 0, 0.3, 0.025, 0.025
pre_hit_joints,  -0.492844, 1.18163, 0.313269, -1.4795, 1.1747, 1.53416, 1.49804
post_hit_joints, -0.476276, 1.17821, 0.328072, -1.4946, 1.18528, 1.51548, 1.45312
pre_hit_ee,      0.0102272, -1.08608, 0.186861, 0.659955, 0.19483, 0.237246, -0.685723, 0.0200301, 0.896051, 0.0126042, 0.226066, -1.91253, 0.267585
post_hit_ee,     0.0102552, -1.06877, 0.187731, 0.653348, 0.209253, 0.248504, -0.68381, -0.0150794, 0.829776, 0.0699559, 0.181023, -1.9371, 0.258208
pre_hit_object,  -0.00402776, -0.899741, 0.174999, 0.197259
post_hit_trajectory:
-0.00287171, -0.894545, 0.175057, 0.122906, -8.39846
0.0162528, -0.790811, 0.174997, -0.610284, -8.41741
0.0360196, -0.698511, 0.174999, -1.26422, -5.18788
0.0487558, -0.622546, 0.174999, -1.7236, -4.22092
0.0537096, -0.547182, 0.174999, -2.12937, -3.45443
0.0527721, -0.477725, 0.174999, -2.43971, -2.8347
0.0484535, -0.408346, 0.174999, -2.68567, -2.17717
0.0427411, -0.340659, 0.174999, -2.8579, -1.48554
0.0364516, -0.265442, 0.174999, -2.97006, -0.687027
0.0317354, -0.192975, 0.174999, -3.0132, -0.258737
0.0292205, -0.116976, 0.174999, -3.03128, -0.0826988
0.0289486, -0.04932, 0.174999, -3.03326, -1.68832e-05
0.0289489, 0.0161012, 0.174999, -3.03326, -2.01564e-05
0.0289492, 0.085593, 0.174999, -3.03326, -2.39904e-05
0.0289495, 0.143714, 0.174999, -3.03326, -2.39629e-05
0.0289498, 0.207375, 0.174999, -3.03326, -2.39637e-05
0.0289501, 0.265472, 0.174999, -3.03327, -2.39808e-05
0.0289504, 0.319994, 0.174999, -3.03327, -2.39661e-05
0.0289507, 0.371599, 0.174999, -3.03327, -2.39673e-05
0.028951, 0.421833, 0.174999, -3.03327, -2.39686e-05
0.0289513, 0.469616, 0.174999, -3.03327, -2.39698e-05
0.0289516, 0.514067, 0.174999, -3.03328, -2.3971e-05
0.0289519, 0.556999, 0.174999, -3.03328, -2.39722e-05
0.0289522, 0.597481, 0.174999, -3.03328, -2.39734e-05
0.0289525, 0.634777, 0.174999, -3.03328, -2.39746e-05
0.0289528, 0.672468, 0.174999, -3.03328, -2.39759e-05
0.0289531, 0.704228, 0.174999, -3.03329, -2.3977e-05
0.0289534, 0.735499, 0.174999, -3.03329, -2.39783e-05
end, stopped
pred_stop_pos, 0.0298829, 0.912484, 0.176956


box_properties,  0.25, 0.25, 0.25, 0, 0, 0, 0.3, 0.025, 0.025
pre_hit_joints,  -0.448338, 1.13161, 0.311561, -1.59648, 1.22383, 1.47326, 1.36877
post_hit_joints, -0.429052, 1.12661, 0.32794, -1.61195, 1.23971, 1.45132, 1.32271
pre_hit_ee,      0.0133621, 1.0405, 0.192727, 0.221681, -0.657097, 0.67221, 0.259258, 0.0302541, -0.928473, 0.0999959, -0.136257, 1.96183, 0.243842
post_hit_ee,     0.0143073, 1.02129, 0.195163, 0.23689, -0.650317, 0.668814, 0.271401, 0.047626, -0.793448, 0.118014, -0.0662162, 1.98173, 0.209834
pre_hit_object,  0.0237634, 0.852138, 0.174999, 3.12756
post_hit_trajectory:
0.0236647, 0.849703, 0.175098, 3.11468, -0.0467732
0.0224854, 0.759083, 0.174999, 3.07509, -0.0724378
0.0223274, 0.66993, 0.174999, 3.07389, -5.12482e-05
0.0223283, 0.589215, 0.174999, 3.07389, -5.13362e-05
0.0223292, 0.500632, 0.174999, 3.07388, -5.14196e-05
0.0223301, 0.422006, 0.174999, 3.07388, -5.14811e-05
0.022331, 0.341722, 0.174999, 3.07387, -5.1531e-05
0.0223319, 0.263179, 0.174999, 3.07387, -5.15663e-05
0.0223329, 0.18865, 0.174999, 3.07386, -5.15864e-05
0.0223338, 0.116572, 0.174999, 3.07386, -5.15885e-05
0.0223348, 0.0469427, 0.174999, 3.07385, -5.15742e-05
0.0223357, -0.0208957, 0.174999, 3.07385, -5.15461e-05
0.0223366, -0.0824233, 0.174999, 3.07384, -5.15078e-05
0.0223377, -0.148465, 0.174999, 3.07384, -5.14519e-05
0.0223386, -0.207074, 0.174999, 3.07383, -5.13955e-05
0.0223395, -0.262206, 0.174999, 3.07383, -5.13375e-05
0.0223406, -0.319921, 0.174999, 3.07382, -5.1261e-05
0.0223416, -0.372888, 0.174999, 3.07382, -5.11748e-05
0.0223426, -0.422869, 0.174999, 3.07381, -5.10774e-05
0.0223435, -0.468082, 0.174999, 3.07381, -5.09725e-05
0.0223446, -0.513726, 0.174999, 3.0738, -5.08455e-05
0.0223456, -0.556455, 0.174999, 3.0738, -5.07084e-05
0.0223467, -0.598685, 0.174999, 3.07379, -5.05527e-05
0.0223476, -0.633466, 0.174999, 3.07379, -5.04059e-05
0.0223486, -0.668577, 0.174999, 3.07378, -5.02364e-05
0.0223497, -0.702558, 0.174999, 3.07378, -5.00454e-05
0.0223508, -0.733356, 0.174999, 3.07377, -4.98484e-05
end, stopped
pred_final_pos, 0.0222257, -0.907153, 0.183938


box_properties,  0.25, 0.25, 0.25, 0, 0, 0, 0.3, 0.025, 0.025
pre_hit_joints,  -0.389235, 1.17864, 0.332878, -1.45802, 1.24413, 1.45603, 1.44296
post_hit_joints, -0.369184, 1.17327, 0.346585, -1.47169, 1.25833, 1.43503, 1.39658
pre_hit_ee,      0.032804, -1.01837, 0.193393, 0.655588, 0.22751, 0.261856, -0.670727, -0.0377548, 0.934483, 0.109453, 0.121248, -2.01094, 0.239248
post_hit_ee,     0.0319744, -1.00254, 0.195411, 0.650042, 0.240052, 0.271914, -0.667745, -0.0525298, 0.863717, 0.118169, 0.0592838, -2.02037, 0.220098
pre_hit_object,  0.0230338, -0.832619, 0.174999, 3.12876
post_hit_trajectory:
0.0230517, -0.831108, 0.175029, 3.12861, 0.297218
0.0177164, -0.759268, 0.174999, -2.90918, 3.07973
0.00560725, -0.706646, 0.174999, -2.64378, 2.41505
-0.00488262, -0.658176, 0.174999, -2.43354, 1.7934
-0.0122733, -0.611755, 0.174999, -2.28023, 1.13193
-0.0156709, -0.570729, 0.174999, -2.20049, 0.461247
-0.016123, -0.535246, 0.174999, -2.18549, 3.77654e-07
-0.0161226, -0.496885, 0.174999, -2.18548, 6.54544e-05
-0.0161223, -0.46646, 0.174999, -2.18548, 6.38146e-05
-0.0161219, -0.435447, 0.174999, -2.18547, 6.19091e-05
-0.0161214, -0.405049, 0.174999, -2.18546, 5.98019e-05
-0.016121, -0.381163, 0.174999, -2.18546, 5.78789e-05
-0.0161206, -0.357842, 0.174999, -2.18545, 5.57393e-05
-0.0161202, -0.336579, 0.174999, -2.18545, 5.35195e-05
-0.0161198, -0.318036, 0.174999, -2.18544, 5.14761e-05
-0.0161194, -0.301699, 0.174999, -2.18544, 4.93771e-05
-0.016119, -0.288935, 0.174999, -2.18543, 4.74295e-05
-0.0161185, -0.277692, 0.174999, -2.18543, 4.53219e-05
-0.0161181, -0.269071, 0.174999, -2.18542, 4.3214e-05
-0.0161177, -0.2629, 0.174999, -2.18542, 4.10669e-05
-0.0161172, -0.259397, 0.174999, -2.18541, 3.89653e-05
-1.122e-07, -0.8, 0.174999, -1.02863e-07, -9.82029e-06
-1.20838e-06, -0.8, 0.174999, -1.03388e-06, -9.85415e-06
-2.29364e-06, -0.799999, 0.174999, -1.95556e-06, -9.85386e-06
-3.44467e-06, -0.799998, 0.174999, -2.93306e-06, -9.85356e-06
-4.46415e-06, -0.799998, 0.174999, -3.79883e-06, -9.8533e-06
-0.000535944, -0.783614, 0.175593, 0.00502753, 0.266813
-0.00221784, -0.693575, 0.174999, 0.0186392, 0.0334108
-0.00225261, -0.605086, 0.174999, 0.018897, -4.87282e-05
-0.00225359, -0.522443, 0.174999, 0.0188925, -4.41798e-05
-0.00225462, -0.437107, 0.174999, 0.0188883, -3.92551e-05
-0.00225565, -0.35512, 0.174999, 0.0188846, -3.4255e-05
-0.00225663, -0.279509, 0.174999, 0.0188816, -2.92473e-05
-0.0022577, -0.199394, 0.174999, 0.0188788, -2.37885e-05
-0.00225874, -0.12488, 0.174999, 0.0188767, -1.86879e-05
-0.00225969, -0.0591802, 0.174999, 0.0188752, -1.39966e-05
-0.00226082, 0.0152992, 0.174999, 0.018874, -8.32033e-06
-0.0022618, 0.0764905, 0.174999, 0.0188734, -3.37118e-06
-0.00226295, 0.145678, 0.174999, 0.0188734, 2.54248e-06
-0.00226398, 0.204779, 0.174999, 0.0188739, 7.82046e-06
-0.00226511, 0.266256, 0.174999, 0.018875, 1.34899e-05
-0.00226609, 0.318432, 0.174999, 0.0188765, 1.84123e-05
-0.00226722, 0.375446, 0.174999, 0.0188787, 2.40336e-05
-0.00226832, 0.428749, 0.174999, 0.0188814, 2.95587e-05
-0.00226939, 0.477532, 0.174999, 0.0188846, 3.4985e-05
-0.00227047, 0.52437, 0.174999, 0.0188884, 4.04317e-05
-0.00227149, 0.565731, 0.174999, 0.0188924, 4.56131e-05
-0.0022726, 0.608249, 0.174999, 0.0188973, 5.09916e-05
-0.00227372, 0.648268, 0.174999, 0.0189027, 5.63551e-05
-0.00227488, 0.686505, 0.174999, 0.0189087, 6.17309e-05
-0.00227714, 0.722068, 0.174999, 0.0190461, 7.08203e-05
end, stopped
pred_stop_pos, -0.00226024, 1.2086, 0.175024


box_properties,  0.25, 0.25, 0.25, 0, 0, 0, 0.3, 0.025, 0.025
pre_hit_joints,  -0.39386, 1.15276, 0.349685, -1.53807, 1.25125, 1.42906, 1.35965
post_hit_joints, -0.373625, 1.14715, 0.360303, -1.55015, 1.26667, 1.41084, 1.31356
pre_hit_ee,      -0.0114697, 1.00209, 0.195942, 0.242885, -0.648798, 0.666762, 0.274766, 0.0585754, -0.941669, 0.129986, -0.0563842, 2.0097, 0.22014
post_hit_ee,     -0.0104219, 0.987365, 0.198129, 0.25612, -0.64316, 0.662865, 0.285232, 0.0676787, -0.875961, 0.134739, 0.0240913, 2.01536, 0.206589
pre_hit_object,  -0.00268059, 0.83057, 0.174999, -0.00643969
post_hit_trajectory:
-0.00226204, 0.815943, 0.175154, -0.00722136, 0.0123203
-0.00154132, 0.723275, 0.174999, -0.00613688, -5.13266e-09
-0.00154211, 0.639989, 0.174999, -0.00613293, 5.67303e-05
-0.00154317, 0.549362, 0.174999, -0.00612705, 5.65287e-05
-0.00154418, 0.465554, 0.174999, -0.00612147, 5.63359e-05
-0.00154517, 0.384957, 0.174999, -0.00611597, 5.61442e-05
-0.00154623, 0.301999, 0.174999, -0.00611016, 5.59399e-05
-0.00154727, 0.22321, 0.174999, -0.00610447, 5.57385e-05
-0.00154822, 0.153594, 0.174999, -0.00609931, 5.5554e-05
-0.00154925, 0.0803902, 0.174999, -0.00609372, 5.53528e-05
-0.00155032, 0.0062498, 0.174999, -0.00608787, 5.51408e-05
-0.00155127, -0.056531, 0.174999, -0.00608276, 5.49478e-05
-0.00155234, -0.124866, 0.174999, -0.00607702, 5.47271e-05
-0.00155337, -0.188049, 0.174999, -0.00607151, 5.45142e-05
-0.0015544, -0.248733, 0.174999, -0.00606603, 5.43007e-05
-0.0015554, -0.305226, 0.174999, -0.00606073, 5.40929e-05
-0.00155644, -0.361526, 0.174999, -0.00605523, 5.3876e-05
-0.00155746, -0.414248, 0.174999, -0.00604987, 5.36631e-05
-0.00155846, -0.463538, 0.174999, -0.00604463, 5.34539e-05
-0.00155949, -0.511876, 0.174999, -0.00603925, 5.32378e-05
-0.0015605, -0.556831, 0.174999, -0.00603401, 5.30271e-05
-0.00156147, -0.597712, 0.174999, -0.00602899, 5.28255e-05
-0.0015625, -0.63875, 0.174999, -0.00602367, 5.26108e-05
-0.00156355, -0.678027, 0.174999, -0.00601828, 5.23913e-05
-0.00156458, -0.714018, 0.174999, -0.00601301, 5.21759e-05
-0.00156559, -0.746871, 0.174999, -0.00600787, 5.19659e-05
end, stopped
pred_final_pos, 0.00319193, -0.952757, 0.168625


box_properties,  0.25, 0.25, 0.25, 0, 0, 0, 0.3, 0.025, 0.025
pre_hit_joints,  -0.405281, 1.14563, 0.3393, -1.54965, 1.24661, 1.43825, 1.37369
post_hit_joints, -0.384307, 1.14102, 0.351399, -1.56187, 1.26282, 1.41843, 1.32731
pre_hit_ee,      0.00722379, -1.01484, 0.195823, 0.654131, 0.232469, 0.26637, -0.668669, -0.0402648, 0.940969, 0.110326, 0.080976, -1.99328, 0.225802
post_hit_ee,     0.00643572, -0.999329, 0.197664, 0.648787, 0.244896, 0.276313, -0.665397, -0.0447319, 0.811831, 0.0973232, 0.0203158, -2.00433, 0.211731
pre_hit_object,  -0.00163162, -0.830951, 0.174999, 0.0157983
post_hit_trajectory:
-0.00167392, -0.827877, 0.175485, -0.00123965, -4.24128
-0.00145513, -0.73277, 0.174999, -0.0960136, -2.6251e-09
-0.00145521, -0.648692, 0.174999, -0.0960136, 1.94013e-06
-0.00145577, -0.558915, 0.174999, -0.0960145, -2.99369e-05
-0.0014565, -0.473372, 0.174999, -0.0960172, -2.43049e-05
