0.75, 0, 6.95259e-310, 6.95259e-310, 6.95259e-310, 0.573428, 0.513932, 0.174958, 0.573428, 0.513932, 0.174958, 2.96439e-322, 6.92422e-310, 6.95259e-310, 1.97626e-323, 6.92422e-310, 6.92422e-310, 0, 0, 1.76533e-19, 3.40798e+160, 1.4889e+195, 1.69084e-307, 0, 
0.75, 0, 6.95259e-310, 6.95259e-310, 6.95259e-310, 0.573428, 0.513932, 0.174958, 0.573478, 0.514325, 0.17669, 2.96439e-322, 6.92422e-310, 6.95259e-310, 1.97626e-323, 6.92422e-310, 6.92422e-310, 0, 0, 1.76533e-19, 3.40798e+160, 1.4889e+195, 1.69084e-307, 0, 
0.75, 0, 6.95259e-310, 6.95259e-310, 6.95259e-310, 0.573428, 0.513932, 0.174958, 0.573478, 0.514325, 0.17669, 2.96439e-322, 6.92422e-310, 6.95259e-310, 1.97626e-323, 6.92422e-310, 6.92422e-310, 0, 0, 1.76533e-19, 3.40798e+160, 1.4889e+195, 1.69084e-307, 0, 
0.75, 0, 6.95259e-310, 6.95259e-310, 6.95259e-310, 0.573428, 0.513932, 0.174958, 0.573565, 0.514203, 0.176582, 2.96439e-322, 6.92422e-310, 6.95259e-310, 1.97626e-323, 6.92422e-310, 6.92422e-310, 0, 0, 1.76533e-19, 3.40798e+160, 1.4889e+195, 1.69084e-307, 0, 
0.75, 0, 6.95259e-310, 6.95259e-310, 6.95259e-310, 0.573428, 0.513932, 0.174958, 0.573452, 0.514304, 0.176682, 2.96439e-322, 6.92422e-310, 6.95259e-310, 1.97626e-323, 6.92422e-310, 6.92422e-310, 0, 0, 1.76533e-19, 3.40798e+160, 1.4889e+195, 1.69084e-307, 0, 
0.75, 0, 6.95259e-310, 6.95259e-310, 6.95259e-310, 0.573428, 0.513932, 0.174958, 0.573545, 0.514251, 0.176637, 2.96439e-322, 6.92422e-310, 6.95259e-310, 1.97626e-323, 6.92422e-310, 6.92422e-310, 0, 0, 1.76533e-19, 3.40798e+160, 1.4889e+195, 1.69084e-307, 0, 
0.75, 0, 6.95259e-310, 6.95259e-310, 6.95259e-310, 0.573428, 0.513932, 0.174958, 0.573486, 0.514307, 0.176621, 2.96439e-322, 6.92422e-310, 6.95259e-310, 1.97626e-323, 6.92422e-310, 6.92422e-310, 0, 0, 1.76533e-19, 3.40798e+160, 1.4889e+195, 1.69084e-307, 0, 
0.75, 0, 6.95259e-310, 6.95259e-310, 6.95259e-310, 0.573428, 0.513932, 0.174958, 0.573485, 0.514354, 0.176626, 2.96439e-322, 6.92422e-310, 6.95259e-310, 1.97626e-323, 6.92422e-310, 6.92422e-310, 0, 0, 1.76533e-19, 3.40798e+160, 1.4889e+195, 1.69084e-307, 0, 
0.75, 0, 6.95259e-310, 6.95259e-310, 6.95259e-310, 0.573428, 0.513932, 0.174958, 0.573484, 0.514374, 0.176625, 2.96439e-322, 6.92422e-310, 6.95259e-310, 1.97626e-323, 6.92422e-310, 6.92422e-310, 0, 0, 1.76533e-19, 3.40798e+160, 1.4889e+195, 1.69084e-307, 0, 
0.75, 0, 6.95259e-310, 6.95259e-310, 6.95259e-310, 0.573428, 0.513932, 0.174958, 0.57354, 0.51434, 0.176704, 2.96439e-322, 6.92422e-310, 6.95259e-310, 1.97626e-323, 6.92422e-310, 6.92422e-310, 0, 0, 1.76533e-19, 3.40798e+160, 1.4889e+195, 1.69084e-307, 0, 
0.75, 0, 6.95259e-310, 6.95259e-310, 6.95259e-310, 0.573428, 0.513932, 0.174958, 0.573457, 0.514327, 0.176646, 2.96439e-322, 6.92422e-310, 6.95259e-310, 1.97626e-323, 6.92422e-310, 6.92422e-310, 0, 0, 1.76533e-19, 3.40798e+160, 1.4889e+195, 1.69084e-307, 0, 
0.75, 0, 6.95259e-310, 6.95259e-310, 6.95259e-310, 0.573428, 0.513932, 0.174958, 0.573451, 0.514283, 0.176661, 2.96439e-322, 6.92422e-310, 6.95259e-310, 1.97626e-323, 6.92422e-310, 6.92422e-310, 0, 0, 1.76533e-19, 3.40798e+160, 1.4889e+195, 1.69084e-307, 0, 
0.75, 0, 6.95259e-310, 6.95259e-310, 6.95259e-310, 0.573428, 0.513932, 0.174958, 0.573548, 0.514201, 0.176627, 2.96439e-322, 6.92422e-310, 6.95259e-310, 1.97626e-323, 6.92422e-310, 6.92422e-310, 0, 0, 1.76533e-19, 3.40798e+160, 1.4889e+195, 1.69084e-307, 0, 
0.75, 0, 6.95259e-310, 6.95259e-310, 6.95259e-310, 0.573428, 0.513932, 0.174958, 0.573534, 0.514165, 0.176647, 2.96439e-322, 6.92422e-310, 6.95259e-310, 1.97626e-323, 6.92422e-310, 6.92422e-310, 0, 0, 1.76533e-19, 3.40798e+160, 1.4889e+195, 1.69084e-307, 0, 
0.75, 0, 6.95259e-310, 6.95259e-310, 6.95259e-310, 0.573428, 0.513932, 0.174958, 0.573498, 0.514366, 0.176543, 2.96439e-322, 6.92422e-310, 6.95259e-310, 1.97626e-323, 6.92422e-310, 6.92422e-310, 0, 0, 1.76533e-19, 3.40798e+160, 1.4889e+195, 1.69084e-307, 0, 
0.75, 0, 6.95259e-310, 6.95259e-310, 6.95259e-310, 0.573428, 0.513932, 0.174958, 0.573598, 0.514339, 0.176603, 2.96439e-322, 6.92422e-310, 6.95259e-310, 1.97626e-323, 6.92422e-310, 6.92422e-310, 0, 0, 1.76533e-19, 3.40798e+160, 1.4889e+195, 1.69084e-307, 0, 
0.75, 0, 6.95259e-310, 6.95259e-310, 6.95259e-310, 0.573428, 0.513932, 0.174958, 0.573623, 0.514329, 0.176504, 2.96439e-322, 6.92422e-310, 6.95259e-310, 1.97626e-323, 6.92422e-310, 6.92422e-310, 0, 0, 1.76533e-19, 3.40798e+160, 1.4889e+195, 1.69084e-307, 0, 
0.75, 0, 6.95259e-310, 6.95259e-310, 6.95259e-310, 0.573428, 0.513932, 0.174958, 0.573496, 0.514437, 0.176565, 2.96439e-322, 6.92422e-310, 6.95259e-310, 1.97626e-323, 6.92422e-310, 6.92422e-310, 0, 0, 1.76533e-19, 3.40798e+160, 1.4889e+195, 1.69084e-307, 0, 
0.75, 0, 6.95259e-310, 6.95259e-310, 6.95259e-310, 0.573428, 0.513932, 0.174958, 0.573356, 0.514149, 0.175956, 2.96439e-322, 6.92422e-310, 6.95259e-310, 1.97626e-323, 6.92422e-310, 6.92422e-310, 0, 0, 1.76533e-19, 3.40798e+160, 1.4889e+195, 1.69084e-307, 0, 
0.75, 0, 6.95259e-310, 6.95259e-310, 6.95259e-310, 0.573428, 0.513932, 0.174958, 0.573324, 0.514046, 0.175824, 2.96439e-322, 6.92422e-310, 6.95259e-310, 1.97626e-323, 6.92422e-310, 6.92422e-310, 0, 0, 1.76533e-19, 3.40798e+160, 1.4889e+195, 1.69084e-307, 0, 
0.75, 0, 6.95259e-310, 6.95259e-310, 6.95259e-310, 0.573428, 0.513932, 0.174958, 0.573306, 0.514017, 0.175872, 2.96439e-322, 6.92422e-310, 6.95259e-310, 1.97626e-323, 6.92422e-310, 6.92422e-310, 0, 0, 1.76533e-19, 3.40798e+160, 1.4889e+195, 1.69084e-307, 0, 
0.75, 0, 6.95259e-310, 6.95259e-310, 6.95259e-310, 0.573428, 0.513932, 0.174958, 0.573257, 0.514033, 0.17588, 2.96439e-322, 6.92422e-310, 6.95259e-310, 1.97626e-323, 6.92422e-310, 6.92422e-310, 0, 0, 1.76533e-19, 3.40798e+160, 1.4889e+195, 1.69084e-307, 0, 
0.75, 0, 6.95259e-310, 6.95259e-310, 6.95259e-310, 0.573428, 0.513932, 0.174958, 0.573135, 0.514055, 0.175825, 2.96439e-322, 6.92422e-310, 6.95259e-310, 1.97626e-323, 6.92422e-310, 6.92422e-310, 0, 0, 1.76533e-19, 3.40798e+160, 1.4889e+195, 1.69084e-307, 0, 
0.75, 0, 6.95259e-310, 6.95259e-310, 6.95259e-310, 0.573428, 0.513932, 0.174958, 0.57319, 0.514043, 0.175834, 2.96439e-322, 6.92422e-310, 6.95259e-310, 1.97626e-323, 6.92422e-310, 6.92422e-310, 0, 0, 1.76533e-19, 3.40798e+160, 1.4889e+195, 1.69084e-307, 0, 
0.75, 0, 6.95259e-310, 6.95259e-310, 6.95259e-310, 0.573428, 0.513932, 0.174958, 0.573257, 0.514026, 0.175866, 2.96439e-322, 6.92422e-310, 6.95259e-310, 1.97626e-323, 6.92422e-310, 6.92422e-310, 0, 0, 1.76533e-19, 3.40798e+160, 1.4889e+195, 1.69084e-307, 0, 
0.75, 0, 6.95259e-310, 6.95259e-310, 6.95259e-310, 0.573428, 0.513932, 0.174958, 0.573186, 0.514098, 0.175908, 2.96439e-322, 6.92422e-310, 6.95259e-310, 1.97626e-323, 6.92422e-310, 6.92422e-310, 0, 0, 1.76533e-19, 3.40798e+160, 1.4889e+195, 1.69084e-307, 0, 
0.75, 0, 6.95259e-310, 6.95259e-310, 6.95259e-310, 0.573428, 0.513932, 0.174958, 0.573168, 0.514118, 0.175937, 2.96439e-322, 6.92422e-310, 6.95259e-310, 1.97626e-323, 6.92422e-310, 6.92422e-310, 0, 0, 1.76533e-19, 3.40798e+160, 1.4889e+195, 1.69084e-307, 0, 
0.75, 0, 6.95259e-310, 6.95259e-310, 6.95259e-310, 0.573428, 0.513932, 0.174958, 0.573261, 0.514072, 0.175912, 2.96439e-322, 6.92422e-310, 6.95259e-310, 1.97626e-323, 6.92422e-310, 6.92422e-310, 0, 0, 1.76533e-19, 3.40798e+160, 1.4889e+195, 1.69084e-307, 0, 
0.75, 0, 6.95259e-310, 6.95259e-310, 6.95259e-310, 0.573428, 0.513932, 0.174958, 0.573166, 0.514128, 0.175966, 2.96439e-322, 6.92422e-310, 6.95259e-310, 1.97626e-323, 6.92422e-310, 6.92422e-310, 0, 0, 1.76533e-19, 3.40798e+160, 1.4889e+195, 1.69084e-307, 0, 
0.75, 0, 6.95259e-310, 6.95259e-310, 6.95259e-310, 0.573428, 0.513932, 0.174958, 0.573651, 0.514461, 0.175974, 2.96439e-322, 6.92422e-310, 6.95259e-310, 1.97626e-323, 6.92422e-310, 6.92422e-310, 0, 0, 1.76533e-19, 3.40798e+160, 1.4889e+195, 1.69084e-307, 0, 
0.75, 0, 6.95259e-310, 6.95259e-310, 6.95259e-310, 0.573428, 0.513932, 0.174958, 0.573429, 0.51431, 0.175768, 2.96439e-322, 6.92422e-310, 6.95259e-310, 1.97626e-323, 6.92422e-310, 6.92422e-310, 0, 0, 1.76533e-19, 3.40798e+160, 1.4889e+195, 1.69084e-307, 0, 
0.75, 0, 6.95259e-310, 6.95259e-310, 6.95259e-310, 0.573428, 0.513932, 0.174958, 0.573474, 0.514232, 0.175625, 2.96439e-322, 6.92422e-310, 6.95259e-310, 1.97626e-323, 6.92422e-310, 6.92422e-310, 0, 0, 1.76533e-19, 3.40798e+160, 1.4889e+195, 1.69084e-307, 0, 
0.75, 0, 6.95259e-310, 6.95259e-310, 6.95259e-310, 0.573428, 0.513932, 0.174958, 0.573283, 0.514237, 0.175692, 2.96439e-322, 6.92422e-310, 6.95259e-310, 1.97626e-323, 6.92422e-310, 6.92422e-310, 0, 0, 1.76533e-19, 3.40798e+160, 1.4889e+195, 1.69084e-307, 0, 
0.75, 0, 6.95259e-310, 6.95259e-310, 6.95259e-310, 0.573428, 0.513932, 0.174958, 0.573259, 0.514158, 0.175635, 2.96439e-322, 6.92422e-310, 6.95259e-310, 1.97626e-323, 6.92422e-310, 6.92422e-310, 0, 0, 1.76533e-19, 3.40798e+160, 1.4889e+195, 1.69084e-307, 0, 
0.75, 0, 6.95259e-310, 6.95259e-310, 6.95259e-310, 0.573428, 0.513932, 0.174958, 0.573166, 0.514173, 0.175717, 2.96439e-322, 6.92422e-310, 6.95259e-310, 1.97626e-323, 6.92422e-310, 6.92422e-310, 0, 0, 1.76533e-19, 3.40798e+160, 1.4889e+195, 1.69084e-307, 0, 
0.75, 0, 6.95259e-310, 6.95259e-310, 6.95259e-310, 0.573428, 0.513932, 0.174958, 0.573166, 0.514153, 0.175731, 2.96439e-322, 6.92422e-310, 6.95259e-310, 1.97626e-323, 6.92422e-310, 6.92422e-310, 0, 0, 1.76533e-19, 3.40798e+160, 1.4889e+195, 1.69084e-307, 0, 
0.75, 0, 6.95259e-310, 6.95259e-310, 6.95259e-310, 0.573428, 0.513932, 0.174958, 0.573197, 0.514099, 0.17575, 2.96439e-322, 6.92422e-310, 6.95259e-310, 1.97626e-323, 6.92422e-310, 6.92422e-310, 0, 0, 1.76533e-19, 3.40798e+160, 1.4889e+195, 1.69084e-307, 0, 
0.75, 0, 6.95259e-310, 6.95259e-310, 6.95259e-310, 0.573428, 0.513932, 0.174958, 0.573213, 0.514081, 0.175788, 2.96439e-322, 6.92422e-310, 6.95259e-310, 1.97626e-323, 6.92422e-310, 6.92422e-310, 0, 0, 1.76533e-19, 3.40798e+160, 1.4889e+195, 1.69084e-307, 0, 
0.75, 0, 6.95259e-310, 6.95259e-310, 6.95259e-310, 0.573428, 0.513932, 0.174958, 0.573566, 0.514262, 0.175901, 2.96439e-322, 6.92422e-310, 6.95259e-310, 1.97626e-323, 6.92422e-310, 6.92422e-310, 0, 0, 1.76533e-19, 3.40798e+160, 1.4889e+195, 1.69084e-307, 0, 
0.75, 0, 6.95259e-310, 6.95259e-310, 6.95259e-310, 0.573428, 0.513932, 0.174958, 0.573283, 0.51416, 0.175674, 2.96439e-322, 6.92422e-310, 6.95259e-310, 1.97626e-323, 6.92422e-310, 6.92422e-310, 0, 0, 1.76533e-19, 3.40798e+160, 1.4889e+195, 1.69084e-307, 0, 
0.75, 0, 6.95259e-310, 6.95259e-310, 6.95259e-310, 0.573428, 0.513932, 0.174958, 0.573331, 0.514114, 0.175661, 2.96439e-322, 6.92422e-310, 6.95259e-310, 1.97626e-323, 6.92422e-310, 6.92422e-310, 0, 0, 1.76533e-19, 3.40798e+160, 1.4889e+195, 1.69084e-307, 0, 
0.75, 0, 6.95259e-310, 6.95259e-310, 6.95259e-310, 0.573428, 0.513932, 0.174958, 0.573238, 0.514125, 0.175673, 2.96439e-322, 6.92422e-310, 6.95259e-310, 1.97626e-323, 6.92422e-310, 6.92422e-310, 0, 0, 1.76533e-19, 3.40798e+160, 1.4889e+195, 1.69084e-307, 0, 
0.75, 0, 6.95259e-310, 6.95259e-310, 6.95259e-310, 0.573428, 0.513932, 0.174958, 0.573497, 0.514394, 0.17616, 2.96439e-322, 6.92422e-310, 6.95259e-310, 1.97626e-323, 6.92422e-310, 6.92422e-310, 0, 0, 1.76533e-19, 3.40798e+160, 1.4889e+195, 1.69084e-307, 0, 
0.75, 0, 6.95259e-310, 6.95259e-310, 6.95259e-310, 0.573428, 0.513932, 0.174958, 0.573495, 0.514383, 0.176155, 2.96439e-322, 6.92422e-310, 6.95259e-310, 1.97626e-323, 6.92422e-310, 6.92422e-310, 0, 0, 1.76533e-19, 3.40798e+160, 1.4889e+195, 1.69084e-307, 0, 
0.75, 0, 6.95259e-310, 6.95259e-310, 6.95259e-310, 0.573428, 0.513932, 0.174958, 0.573503, 0.514387, 0.176151, 2.96439e-322, 6.92422e-310, 6.95259e-310, 1.97626e-323, 6.92422e-310, 6.92422e-310, 0, 0, 1.76533e-19, 3.40798e+160, 1.4889e+195, 1.69084e-307, 0, 
0.75, 0, 6.95259e-310, 6.95259e-310, 6.95259e-310, 0.573428, 0.513932, 0.174958, 0.573588, 0.51425, 0.175757, 2.96439e-322, 6.92422e-310, 6.95259e-310, 1.97626e-323, 6.92422e-310, 6.92422e-310, 0, 0, 1.76533e-19, 3.40798e+160, 1.4889e+195, 1.69084e-307, 0, 
0.75, 0, 6.95259e-310, 6.95259e-310, 6.95259e-310, 0.573428, 0.513932, 0.174958, 0.573338, 0.514153, 0.175724, 2.96439e-322, 6.92422e-310, 6.95259e-310, 1.97626e-323, 6.92422e-310, 6.92422e-310, 0, 0, 1.76533e-19, 3.40798e+160, 1.4889e+195, 1.69084e-307, 0, 
0.75, 0, 6.95259e-310, 6.95259e-310, 6.95259e-310, 0.573428, 0.513932, 0.174958, 0.57332, 0.514098, 0.175635, 2.96439e-322, 6.92422e-310, 6.95259e-310, 1.97626e-323, 6.92422e-310, 6.92422e-310, 0, 0, 1.76533e-19, 3.40798e+160, 1.4889e+195, 1.69084e-307, 0, 
0.75, 0, 6.95259e-310, 6.95259e-310, 6.95259e-310, 0.573428, 0.513932, 0.174958, 0.573316, 0.5141, 0.175637, 2.96439e-322, 6.92422e-310, 6.95259e-310, 1.97626e-323, 6.92422e-310, 6.92422e-310, 0, 0, 1.76533e-19, 3.40798e+160, 1.4889e+195, 1.69084e-307, 0, 
0.75, 0, 6.95259e-310, 6.95259e-310, 6.95259e-310, 0.573428, 0.513932, 0.174958, 0.573196, 0.514167, 0.17572, 2.96439e-322, 6.92422e-310, 6.95259e-310, 1.97626e-323, 6.92422e-310, 6.92422e-310, 0, 0, 1.76533e-19, 3.40798e+160, 1.4889e+195, 1.69084e-307, 0, 
0.75, 0, 6.95259e-310, 6.95259e-310, 6.95259e-310, 0.573428, 0.513932, 0.174958, 0.573309, 0.514095, 0.175687, 2.96439e-322, 6.92422e-310, 6.95259e-310, 1.97626e-323, 6.92422e-310, 6.92422e-310, 0, 0, 1.76533e-19, 3.40798e+160, 1.4889e+195, 1.69084e-307, 0, 
0.75, 0, 6.95259e-310, 6.95259e-310, 6.95259e-310, 0.573428, 0.513932, 0.174958, 0.573241, 0.514183, 0.175699, 2.96439e-322, 6.92422e-310, 6.95259e-310, 1.97626e-323, 6.92422e-310, 6.92422e-310, 0, 0, 1.76533e-19, 3.40798e+160, 1.4889e+195, 1.69084e-307, 0, 
0.75, 0, 6.95259e-310, 6.95259e-310, 6.95259e-310, 0.573428, 0.513932, 0.174958, 0.573272, 0.514176, 0.175617, 2.96439e-322, 6.92422e-310, 6.95259e-310, 1.97626e-323, 6.92422e-310, 6.92422e-310, 0, 0, 1.76533e-19, 3.40798e+160, 1.4889e+195, 1.69084e-307, 0, 
0.75, 0, 6.95259e-310, 6.95259e-310, 6.95259e-310, 0.573428, 0.513932, 0.174958, 0.573265, 0.514131, 0.175593, 2.96439e-322, 6.92422e-310, 6.95259e-310, 1.97626e-323, 6.92422e-310, 6.92422e-310, 0, 0, 1.76533e-19, 3.40798e+160, 1.4889e+195, 1.69084e-307, 0, 
0.75, 0, 6.95259e-310, 6.95259e-310, 6.95259e-310, 0.573428, 0.513932, 0.174958, 0.573276, 0.514046, 0.175507, 2.96439e-322, 6.92422e-310, 6.95259e-310, 1.97626e-323, 6.92422e-310, 6.92422e-310, 0, 0, 1.76533e-19, 3.40798e+160, 1.4889e+195, 1.69084e-307, 0, 
0.75, 0, 6.95259e-310, 6.95259e-310, 6.95259e-310, 0.573428, 0.513932, 0.174958, 0.573464, 0.514035, 0.17528, 2.96439e-322, 6.92422e-310, 6.95259e-310, 1.97626e-323, 6.92422e-310, 6.92422e-310, 0, 0, 1.76533e-19, 3.40798e+160, 1.4889e+195, 1.69084e-307, 0, 
0.75, 0, 6.95259e-310, 6.95259e-310, 6.95259e-310, 0.573428, 0.513932, 0.174958, 0.573368, 0.514099, 0.175302, 2.96439e-322, 6.92422e-310, 6.95259e-310, 1.97626e-323, 6.92422e-310, 6.92422e-310, 0, 0, 1.76533e-19, 3.40798e+160, 1.4889e+195, 1.69084e-307, 0, 
0.75, 0, 6.95259e-310, 6.95259e-310, 6.95259e-310, 0.573428, 0.513932, 0.174958, 0.573453, 0.514102, 0.175224, 2.96439e-322, 6.92422e-310, 6.95259e-310, 1.97626e-323, 6.92422e-310, 6.92422e-310, 0, 0, 1.76533e-19, 3.40798e+160, 1.4889e+195, 1.69084e-307, 0, 
0.75, 0, 6.95259e-310, 6.95259e-310, 6.95259e-310, 0.573428, 0.513932, 0.174958, 0.573408, 0.514123, 0.175298, 2.96439e-322, 6.92422e-310, 6.95259e-310, 1.97626e-323, 6.92422e-310, 6.92422e-310, 0, 0, 1.76533e-19, 3.40798e+160, 1.4889e+195, 1.69084e-307, 0, 
0.75, 0, 6.95259e-310, 6.95259e-310, 6.95259e-310, 0.573428, 0.513932, 0.174958, 0.573382, 0.514099, 0.175297, 2.96439e-322, 6.92422e-310, 6.95259e-310, 1.97626e-323, 6.92422e-310, 6.92422e-310, 0, 0, 1.76533e-19, 3.40798e+160, 1.4889e+195, 1.69084e-307, 0, 
0.75, 0, 6.95259e-310, 6.95259e-310, 6.95259e-310, 0.573428, 0.513932, 0.174958, 0.573371, 0.514107, 0.175304, 2.96439e-322, 6.92422e-310, 6.95259e-310, 1.97626e-323, 6.92422e-310, 6.92422e-310, 0, 0, 1.76533e-19, 3.40798e+160, 1.4889e+195, 1.69084e-307, 0, 
0.75, 0, 6.95259e-310, 6.95259e-310, 6.95259e-310, 0.573428, 0.513932, 0.174958, 0.573334, 0.514131, 0.17531, 2.96439e-322, 6.92422e-310, 6.95259e-310, 1.97626e-323, 6.92422e-310, 6.92422e-310, 0, 0, 1.76533e-19, 3.40798e+160, 1.4889e+195, 1.69084e-307, 0, 
0.75, 0, 6.95259e-310, 6.95259e-310, 6.95259e-310, 0.573428, 0.513932, 0.174958, 0.573375, 0.514102, 0.175301, 2.96439e-322, 6.92422e-310, 6.95259e-310, 1.97626e-323, 6.92422e-310, 6.92422e-310, 0, 0, 1.76533e-19, 3.40798e+160, 1.4889e+195, 1.69084e-307, 0, 
0.75, 0, 6.95259e-310, 6.95259e-310, 6.95259e-310, 0.573428, 0.513932, 0.174958, 0.573367, 0.514103, 0.175301, 2.96439e-322, 6.92422e-310, 6.95259e-310, 1.97626e-323, 6.92422e-310, 6.92422e-310, 0, 0, 1.76533e-19, 3.40798e+160, 1.4889e+195, 1.69084e-307, 0, 
0.75, 0, 6.95259e-310, 6.95259e-310, 6.95259e-310, 0.573428, 0.513932, 0.174958, 0.573456, 0.514044, 0.175267, 2.96439e-322, 6.92422e-310, 6.95259e-310, 1.97626e-323, 6.92422e-310, 6.92422e-310, 0, 0, 1.76533e-19, 3.40798e+160, 1.4889e+195, 1.69084e-307, 0, 
0.75, 0, 6.95259e-310, 6.95259e-310, 6.95259e-310, 0.573428, 0.513932, 0.174958, 0.573323, 0.514118, 0.175293, 2.96439e-322, 6.92422e-310, 6.95259e-310, 1.97626e-323, 6.92422e-310, 6.92422e-310, 0, 0, 1.76533e-19, 3.40798e+160, 1.4889e+195, 1.69084e-307, 0, 
0.75, 0, 6.95259e-310, 6.95259e-310, 6.95259e-310, 0.573428, 0.513932, 0.174958, 0.573419, 0.51405, 0.175266, 2.96439e-322, 6.92422e-310, 6.95259e-310, 1.97626e-323, 6.92422e-310, 6.92422e-310, 0, 0, 1.76533e-19, 3.40798e+160, 1.4889e+195, 1.69084e-307, 0, 
0.75, 0, 6.95259e-310, 6.95259e-310, 6.95259e-310, 0.573428, 0.513932, 0.174958, 0.573365, 0.514103, 0.175305, 2.96439e-322, 6.92422e-310, 6.95259e-310, 1.97626e-323, 6.92422e-310, 6.92422e-310, 0, 0, 1.76533e-19, 3.40798e+160, 1.4889e+195, 1.69084e-307, 0, 
0.75, 0, 6.95259e-310, 6.95259e-310, 6.95259e-310, 0.573428, 0.513932, 0.174958, 0.573398, 0.514107, 0.175389, 2.96439e-322, 6.92422e-310, 6.95259e-310, 1.97626e-323, 6.92422e-310, 6.92422e-310, 0, 0, 1.76533e-19, 3.40798e+160, 1.4889e+195, 1.69084e-307, 0, 
0.75, 0, 6.95259e-310, 6.95259e-310, 6.95259e-310, 0.573428, 0.513932, 0.174958, 0.573479, 0.514082, 0.175241, 2.96439e-322, 6.92422e-310, 6.95259e-310, 1.97626e-323, 6.92422e-310, 6.92422e-310, 0, 0, 1.76533e-19, 3.40798e+160, 1.4889e+195, 1.69084e-307, 0, 
0.75, 0, 6.95259e-310, 6.95259e-310, 6.95259e-310, 0.573428, 0.513932, 0.174958, 0.573259, 0.514031, 0.175408, 2.96439e-322, 6.92422e-310, 6.95259e-310, 1.97626e-323, 6.92422e-310, 6.92422e-310, 0, 0, 1.76533e-19, 3.40798e+160, 1.4889e+195, 1.69084e-307, 0, 
0.75, 0, 6.95259e-310, 6.95259e-310, 6.95259e-310, 0.573428, 0.513932, 0.174958, 0.573441, 0.514041, 0.175428, 2.96439e-322, 6.92422e-310, 6.95259e-310, 1.97626e-323, 6.92422e-310, 6.92422e-310, 0, 0, 1.76533e-19, 3.40798e+160, 1.4889e+195, 1.69084e-307, 0, 
0.75, 0, 6.95259e-310, 6.95259e-310, 6.95259e-310, 0.573428, 0.513932, 0.174958, 0.573414, 0.514061, 0.175451, 2.96439e-322, 6.92422e-310, 6.95259e-310, 1.97626e-323, 6.92422e-310, 6.92422e-310, 0, 0, 1.76533e-19, 3.40798e+160, 1.4889e+195, 1.69084e-307, 0, 
0.75, 0, 6.95259e-310, 6.95259e-310, 6.95259e-310, 0.573428, 0.513932, 0.174958, 0.573496, 0.514063, 0.175385, 2.96439e-322, 6.92422e-310, 6.95259e-310, 1.97626e-323, 6.92422e-310, 6.92422e-310, 0, 0, 1.76533e-19, 3.40798e+160, 1.4889e+195, 1.69084e-307, 0, 
0.75, 0, 6.95259e-310, 6.95259e-310, 6.95259e-310, 0.573428, 0.513932, 0.174958, 0.573439, 0.51409, 0.175449, 2.96439e-322, 6.92422e-310, 6.95259e-310, 1.97626e-323, 6.92422e-310, 6.92422e-310, 0, 0, 1.76533e-19, 3.40798e+160, 1.4889e+195, 1.69084e-307, 0, 
0.75, 0, 6.95259e-310, 6.95259e-310, 6.95259e-310, 0.573428, 0.513932, 0.174958, 0.573404, 0.514072, 0.175461, 2.96439e-322, 6.92422e-310, 6.95259e-310, 1.97626e-323, 6.92422e-310, 6.92422e-310, 0, 0, 1.76533e-19, 3.40798e+160, 1.4889e+195, 1.69084e-307, 0, 
0.75, 0, 6.95259e-310, 6.95259e-310, 6.95259e-310, 0.573428, 0.513932, 0.174958, 0.573392, 0.514085, 0.175464, 2.96439e-322, 6.92422e-310, 6.95259e-310, 1.97626e-323, 6.92422e-310, 6.92422e-310, 0, 0, 1.76533e-19, 3.40798e+160, 1.4889e+195, 1.69084e-307, 0, 
0.75, 0, 6.95259e-310, 6.95259e-310, 6.95259e-310, 0.573428, 0.513932, 0.174958, 0.5734, 0.514094, 0.175466, 2.96439e-322, 6.92422e-310, 6.95259e-310, 1.97626e-323, 6.92422e-310, 6.92422e-310, 0, 0, 1.76533e-19, 3.40798e+160, 1.4889e+195, 1.69084e-307, 0, 
0.75, 0, 6.95259e-310, 6.95259e-310, 6.95259e-310, 0.573428, 0.513932, 0.174958, 0.573397, 0.514094, 0.175496, 2.96439e-322, 6.92422e-310, 6.95259e-310, 1.97626e-323, 6.92422e-310, 6.92422e-310, 0, 0, 1.76533e-19, 3.40798e+160, 1.4889e+195, 1.69084e-307, 0, 
0.75, 0, 6.95259e-310, 6.95259e-310, 6.95259e-310, 0.573428, 0.513932, 0.174958, 0.573407, 0.514093, 0.175491, 2.96439e-322, 6.92422e-310, 6.95259e-310, 1.97626e-323, 6.92422e-310, 6.92422e-310, 0, 0, 1.76533e-19, 3.40798e+160, 1.4889e+195, 1.69084e-307, 0, 
0.75, 0, 6.95259e-310, 6.95259e-310, 6.95259e-310, 0.573428, 0.513932, 0.174958, 0.573493, 0.514033, 0.17545, 2.96439e-322, 6.92422e-310, 6.95259e-310, 1.97626e-323, 6.92422e-310, 6.92422e-310, 0, 0, 1.76533e-19, 3.40798e+160, 1.4889e+195, 1.69084e-307, 0, 
0.75, 0, 6.95259e-310, 6.95259e-310, 6.95259e-310, 0.573428, 0.513932, 0.174958, 0.573155, 0.51394, 0.175233, 2.96439e-322, 6.92422e-310, 6.95259e-310, 1.97626e-323, 6.92422e-310, 6.92422e-310, 0, 0, 1.76533e-19, 3.40798e+160, 1.4889e+195, 1.69084e-307, 0, 
0.75, 0, 6.95259e-310, 6.95259e-310, 6.95259e-310, 0.573428, 0.513932, 0.174958, 0.573983, 0.517631, 0.175458, 2.96439e-322, 6.92422e-310, 6.95259e-310, 1.97626e-323, 6.92422e-310, 6.92422e-310, 0, 0, 1.76533e-19, 3.40798e+160, 1.4889e+195, 1.69084e-307, 0, 
0.75, 0, 6.95259e-310, 6.95259e-310, 6.95259e-310, 0.573428, 0.513932, 0.174958, 0.571937, 0.526445, 0.1748, 2.96439e-322, 6.92422e-310, 6.95259e-310, 1.97626e-323, 6.92422e-310, 6.92422e-310, 0, 0, 1.76533e-19, 3.40798e+160, 1.4889e+195, 1.69084e-307, 0, 
0.75, 0, 6.95259e-310, 6.95259e-310, 6.95259e-310, 0.573428, 0.513932, 0.174958, 0.569669, 0.538578, 0.175574, 2.96439e-322, 6.92422e-310, 6.95259e-310, 1.97626e-323, 6.92422e-310, 6.92422e-310, 0, 0, 1.76533e-19, 3.40798e+160, 1.4889e+195, 1.69084e-307, 0, 
0.75, 0, 6.95259e-310, 6.95259e-310, 6.95259e-310, 0.573428, 0.513932, 0.174958, 0.569259, 0.550644, 0.175994, 2.96439e-322, 6.92422e-310, 6.95259e-310, 1.97626e-323, 6.92422e-310, 6.92422e-310, 0, 0, 1.76533e-19, 3.40798e+160, 1.4889e+195, 1.69084e-307, 0, 
0.75, 0, 6.95259e-310, 6.95259e-310, 6.95259e-310, 0.573428, 0.513932, 0.174958, 0.567233, 0.558141, 0.175304, 2.96439e-322, 6.92422e-310, 6.95259e-310, 1.97626e-323, 6.92422e-310, 6.92422e-310, 0, 0, 1.76533e-19, 3.40798e+160, 1.4889e+195, 1.69084e-307, 0, 
0.75, 0, 6.95259e-310, 6.95259e-310, 6.95259e-310, 0.573428, 0.513932, 0.174958, 0.563936, 0.569357, 0.175425, 2.96439e-322, 6.92422e-310, 6.95259e-310, 1.97626e-323, 6.92422e-310, 6.92422e-310, 0, 0, 1.76533e-19, 3.40798e+160, 1.4889e+195, 1.69084e-307, 0, 
0.75, 0, 6.95259e-310, 6.95259e-310, 6.95259e-310, 0.573428, 0.513932, 0.174958, 0.565077, 0.576696, 0.17574, 2.96439e-322, 6.92422e-310, 6.95259e-310, 1.97626e-323, 6.92422e-310, 6.92422e-310, 0, 0, 1.76533e-19, 3.40798e+160, 1.4889e+195, 1.69084e-307, 0, 
0.75, 0, 6.95259e-310, 6.95259e-310, 6.95259e-310, 0.573428, 0.513932, 0.174958, 0.563392, 0.587591, 0.175348, 2.96439e-322, 6.92422e-310, 6.95259e-310, 1.97626e-323, 6.92422e-310, 6.92422e-310, 0, 0, 1.76533e-19, 3.40798e+160, 1.4889e+195, 1.69084e-307, 0, 
0.75, 0, 6.95259e-310, 6.95259e-310, 6.95259e-310, 0.573428, 0.513932, 0.174958, 0.56259, 0.594714, 0.175587, 2.96439e-322, 6.92422e-310, 6.95259e-310, 1.97626e-323, 6.92422e-310, 6.92422e-310, 0, 0, 1.76533e-19, 3.40798e+160, 1.4889e+195, 1.69084e-307, 0, 
0.75, 0, 6.95259e-310, 6.95259e-310, 6.95259e-310, 0.573428, 0.513932, 0.174958, 0.561802, 0.605409, 0.176156, 2.96439e-322, 6.92422e-310, 6.95259e-310, 1.97626e-323, 6.92422e-310, 6.92422e-310, 0, 0, 1.76533e-19, 3.40798e+160, 1.4889e+195, 1.69084e-307, 0, 
0.75, 0, 6.95259e-310, 6.95259e-310, 6.95259e-310, 0.573428, 0.513932, 0.174958, 0.560843, 0.612014, 0.175092, 2.96439e-322, 6.92422e-310, 6.95259e-310, 1.97626e-323, 6.92422e-310, 6.92422e-310, 0, 0, 1.76533e-19, 3.40798e+160, 1.4889e+195, 1.69084e-307, 0, 
0.75, 0, 6.95259e-310, 6.95259e-310, 6.95259e-310, 0.573428, 0.513932, 0.174958, 0.560511, 0.622963, 0.176318, 2.96439e-322, 6.92422e-310, 6.95259e-310, 1.97626e-323, 6.92422e-310, 6.92422e-310, 0, 0, 1.76533e-19, 3.40798e+160, 1.4889e+195, 1.69084e-307, 0, 
0.75, 0, 6.95259e-310, 6.95259e-310, 6.95259e-310, 0.573428, 0.513932, 0.174958, 0.559806, 0.629356, 0.176009, 2.96439e-322, 6.92422e-310, 6.95259e-310, 1.97626e-323, 6.92422e-310, 6.92422e-310, 0, 0, 1.76533e-19, 3.40798e+160, 1.4889e+195, 1.69084e-307, 0, 
0.75, 0, 6.95259e-310, 6.95259e-310, 6.95259e-310, 0.573428, 0.513932, 0.174958, 0.557476, 0.638324, 0.175102, 2.96439e-322, 6.92422e-310, 6.95259e-310, 1.97626e-323, 6.92422e-310, 6.92422e-310, 0, 0, 1.76533e-19, 3.40798e+160, 1.4889e+195, 1.69084e-307, 0, 
0.75, 0, 6.95259e-310, 6.95259e-310, 6.95259e-310, 0.573428, 0.513932, 0.174958, 0.557044, 0.644318, 0.177164, 2.96439e-322, 6.92422e-310, 6.95259e-310, 1.97626e-323, 6.92422e-310, 6.92422e-310, 0, 0, 1.76533e-19, 3.40798e+160, 1.4889e+195, 1.69084e-307, 0, 
0.75, 0, 6.95259e-310, 6.95259e-310, 6.95259e-310, 0.573428, 0.513932, 0.174958, 0.555509, 0.653565, 0.175412, 2.96439e-322, 6.92422e-310, 6.95259e-310, 1.97626e-323, 6.92422e-310, 6.92422e-310, 0, 0, 1.76533e-19, 3.40798e+160, 1.4889e+195, 1.69084e-307, 0, 
0.75, 0, 6.95259e-310, 6.95259e-310, 6.95259e-310, 0.573428, 0.513932, 0.174958, 0.55522, 0.659799, 0.17597, 2.96439e-322, 6.92422e-310, 6.95259e-310, 1.97626e-323, 6.92422e-310, 6.92422e-310, 0, 0, 1.76533e-19, 3.40798e+160, 1.4889e+195, 1.69084e-307, 0, 
0.75, 0, 6.95259e-310, 6.95259e-310, 6.95259e-310, 0.573428, 0.513932, 0.174958, 0.554021, 0.668527, 0.175889, 2.96439e-322, 6.92422e-310, 6.95259e-310, 1.97626e-323, 6.92422e-310, 6.92422e-310, 0, 0, 1.76533e-19, 3.40798e+160, 1.4889e+195, 1.69084e-307, 0, 
0.75, 0, 6.95259e-310, 6.95259e-310, 6.95259e-310, 0.573428, 0.513932, 0.174958, 0.553238, 0.674337, 0.175883, 2.96439e-322, 6.92422e-310, 6.95259e-310, 1.97626e-323, 6.92422e-310, 6.92422e-310, 0, 0, 1.76533e-19, 3.40798e+160, 1.4889e+195, 1.69084e-307, 0, 
0.75, 0, 6.95259e-310, 6.95259e-310, 6.95259e-310, 0.573428, 0.513932, 0.174958, 0.552049, 0.682801, 0.176197, 2.96439e-322, 6.92422e-310, 6.95259e-310, 1.97626e-323, 6.92422e-310, 6.92422e-310, 0, 0, 1.76533e-19, 3.40798e+160, 1.4889e+195, 1.69084e-307, 0, 
0.75, 0, -0.0384093, 0.56074, 0.0838862, 0.573428, 0.513932, 0.174958, 0.551281, 0.688277, 0.176155, 10.3408, 12.6598, 3.45554, 0.12179, -0.364725, -0.053024, 0.248686, 64.2672, -4.55154, -16.912, -1.11455, 1.66409, -0.0413852, 
0.75, 0, -0.0384093, 0.56074, 0.0838862, 0.573428, 0.513932, 0.174958, 0.550396, 0.695916, 0.176793, 10.3408, 12.6598, 3.45554, 0.12179, -0.364725, -0.053024, 0.248686, 64.2672, -4.55154, -16.912, -1.11455, 1.66409, -0.0413852, 
0.75, 0, -0.0384093, 0.56074, 0.0838862, 0.573428, 0.513932, 0.174958, 0.549592, 0.701637, 0.176152, 10.3408, 12.6598, 3.45554, 0.12179, -0.364725, -0.053024, 0.248686, 64.2672, -4.55154, -16.912, -1.11455, 1.66409, -0.0413852, 
0.75, 0, -0.0384093, 0.56074, 0.0838862, 0.573428, 0.513932, 0.174958, 0.54878, 0.709089, 0.175965, 10.3408, 12.6598, 3.45554, 0.12179, -0.364725, -0.053024, 0.248686, 64.2672, -4.55154, -16.912, -1.11455, 1.66409, -0.0413852, 
0.75, 0, -0.0384093, 0.56074, 0.0838862, 0.573428, 0.513932, 0.174958, 0.547609, 0.716436, 0.17611, 10.3408, 12.6598, 3.45554, 0.12179, -0.364725, -0.053024, 0.248686, 64.2672, -4.55154, -16.912, -1.11455, 1.66409, -0.0413852, 
0.75, 0, -0.0384093, 0.56074, 0.0838862, 0.573428, 0.513932, 0.174958, 0.546726, 0.721144, 0.17605, 10.3408, 12.6598, 3.45554, 0.12179, -0.364725, -0.053024, 0.248686, 64.2672, -4.55154, -16.912, -1.11455, 1.66409, -0.0413852, 
0.75, 0, -0.0384093, 0.56074, 0.0838862, 0.573428, 0.513932, 0.174958, 0.545749, 0.728018, 0.176031, 10.3408, 12.6598, 3.45554, 0.12179, -0.364725, -0.053024, 0.248686, 64.2672, -4.55154, -16.912, -1.11455, 1.66409, -0.0413852, 
0.75, 0, -0.0384093, 0.56074, 0.0838862, 0.573428, 0.513932, 0.174958, 0.545136, 0.73254, 0.175993, 10.3408, 12.6598, 3.45554, 0.12179, -0.364725, -0.053024, 0.248686, 64.2672, -4.55154, -16.912, -1.11455, 1.66409, -0.0413852, 
0.75, 0, -0.0384093, 0.56074, 0.0838862, 0.573428, 0.513932, 0.174958, 0.544337, 0.739165, 0.175956, 10.3408, 12.6598, 3.45554, 0.12179, -0.364725, -0.053024, 0.248686, 64.2672, -4.55154, -16.912, -1.11455, 1.66409, -0.0413852, 
0.75, 0, -0.0384093, 0.56074, 0.0838862, 0.573428, 0.513932, 0.174958, 0.543993, 0.743447, 0.175953, 10.3408, 12.6598, 3.45554, 0.12179, -0.364725, -0.053024, 0.248686, 64.2672, -4.55154, -16.912, -1.11455, 1.66409, -0.0413852, 
0.75, 0, -0.0384093, 0.56074, 0.0838862, 0.573428, 0.513932, 0.174958, 0.542906, 0.747494, 0.175863, 10.3408, 12.6598, 3.45554, 0.12179, -0.364725, -0.053024, 0.248686, 64.2672, -4.55154, -16.912, -1.11455, 1.66409, -0.0413852, 
0.75, 0, -0.0384093, 0.56074, 0.0838862, 0.573428, 0.513932, 0.174958, 0.542405, 0.753708, 0.176088, 10.3408, 12.6598, 3.45554, 0.12179, -0.364725, -0.053024, 0.248686, 64.2672, -4.55154, -16.912, -1.11455, 1.66409, -0.0413852, 
0.75, 0, -0.0384093, 0.56074, 0.0838862, 0.573428, 0.513932, 0.174958, 0.541552, 0.759617, 0.176081, 10.3408, 12.6598, 3.45554, 0.12179, -0.364725, -0.053024, 0.248686, 64.2672, -4.55154, -16.912, -1.11455, 1.66409, -0.0413852, 
0.75, 0, -0.0384093, 0.56074, 0.0838862, 0.573428, 0.513932, 0.174958, 0.541023, 0.763464, 0.176115, 10.3408, 12.6598, 3.45554, 0.12179, -0.364725, -0.053024, 0.248686, 64.2672, -4.55154, -16.912, -1.11455, 1.66409, -0.0413852, 
0.75, 0, -0.0384093, 0.56074, 0.0838862, 0.573428, 0.513932, 0.174958, 0.540277, 0.769056, 0.176109, 10.3408, 12.6598, 3.45554, 0.12179, -0.364725, -0.053024, 0.248686, 64.2672, -4.55154, -16.912, -1.11455, 1.66409, -0.0413852, 
0.75, 0, -0.0384093, 0.56074, 0.0838862, 0.573428, 0.513932, 0.174958, 0.53974, 0.772622, 0.176102, 10.3408, 12.6598, 3.45554, 0.12179, -0.364725, -0.053024, 0.248686, 64.2672, -4.55154, -16.912, -1.11455, 1.66409, -0.0413852, 
0.75, 0, -0.0384093, 0.56074, 0.0838862, 0.573428, 0.513932, 0.174958, 0.538911, 0.777755, 0.176166, 10.3408, 12.6598, 3.45554, 0.12179, -0.364725, -0.053024, 0.248686, 64.2672, -4.55154, -16.912, -1.11455, 1.66409, -0.0413852, 
0.75, 0, -0.0384093, 0.56074, 0.0838862, 0.573428, 0.513932, 0.174958, 0.53839, 0.781062, 0.176172, 10.3408, 12.6598, 3.45554, 0.12179, -0.364725, -0.053024, 0.248686, 64.2672, -4.55154, -16.912, -1.11455, 1.66409, -0.0413852, 
0.75, 0, -0.0384093, 0.56074, 0.0838862, 0.573428, 0.513932, 0.174958, 0.537741, 0.78589, 0.176195, 10.3408, 12.6598, 3.45554, 0.12179, -0.364725, -0.053024, 0.248686, 64.2672, -4.55154, -16.912, -1.11455, 1.66409, -0.0413852, 
0.75, 0, -0.0384093, 0.56074, 0.0838862, 0.573428, 0.513932, 0.174958, 0.537329, 0.789028, 0.17615, 10.3408, 12.6598, 3.45554, 0.12179, -0.364725, -0.053024, 0.248686, 64.2672, -4.55154, -16.912, -1.11455, 1.66409, -0.0413852, 
0.75, 0, -0.0384093, 0.56074, 0.0838862, 0.573428, 0.513932, 0.174958, 0.536675, 0.79354, 0.176264, 10.3408, 12.6598, 3.45554, 0.12179, -0.364725, -0.053024, 0.248686, 64.2672, -4.55154, -16.912, -1.11455, 1.66409, -0.0413852, 
0.75, 0, -0.0384093, 0.56074, 0.0838862, 0.573428, 0.513932, 0.174958, 0.536152, 0.796397, 0.176189, 10.3408, 12.6598, 3.45554, 0.12179, -0.364725, -0.053024, 0.248686, 64.2672, -4.55154, -16.912, -1.11455, 1.66409, -0.0413852, 
0.75, 0, -0.0384093, 0.56074, 0.0838862, 0.573428, 0.513932, 0.174958, 0.535506, 0.800602, 0.176218, 10.3408, 12.6598, 3.45554, 0.12179, -0.364725, -0.053024, 0.248686, 64.2672, -4.55154, -16.912, -1.11455, 1.66409, -0.0413852, 
0.75, 0, -0.0384093, 0.56074, 0.0838862, 0.573428, 0.513932, 0.174958, 0.535235, 0.803336, 0.176312, 10.3408, 12.6598, 3.45554, 0.12179, -0.364725, -0.053024, 0.248686, 64.2672, -4.55154, -16.912, -1.11455, 1.66409, -0.0413852, 
0.75, 0, -0.0384093, 0.56074, 0.0838862, 0.573428, 0.513932, 0.174958, 0.534653, 0.807253, 0.176289, 10.3408, 12.6598, 3.45554, 0.12179, -0.364725, -0.053024, 0.248686, 64.2672, -4.55154, -16.912, -1.11455, 1.66409, -0.0413852, 
0.75, 0, -0.0384093, 0.56074, 0.0838862, 0.573428, 0.513932, 0.174958, 0.534036, 0.809716, 0.176244, 10.3408, 12.6598, 3.45554, 0.12179, -0.364725, -0.053024, 0.248686, 64.2672, -4.55154, -16.912, -1.11455, 1.66409, -0.0413852, 
0.75, 0, -0.0384093, 0.56074, 0.0838862, 0.573428, 0.513932, 0.174958, 0.533439, 0.813313, 0.17635, 10.3408, 12.6598, 3.45554, 0.12179, -0.364725, -0.053024, 0.248686, 64.2672, -4.55154, -16.912, -1.11455, 1.66409, -0.0413852, 
0.75, 0, -0.0384093, 0.56074, 0.0838862, 0.573428, 0.513932, 0.174958, 0.53304, 0.816689, 0.176346, 10.3408, 12.6598, 3.45554, 0.12179, -0.364725, -0.053024, 0.248686, 64.2672, -4.55154, -16.912, -1.11455, 1.66409, -0.0413852, 
0.75, 0, -0.0384093, 0.56074, 0.0838862, 0.573428, 0.513932, 0.174958, 0.532687, 0.818855, 0.176414, 10.3408, 12.6598, 3.45554, 0.12179, -0.364725, -0.053024, 0.248686, 64.2672, -4.55154, -16.912, -1.11455, 1.66409, -0.0413852, 
0.75, 0, -0.0384093, 0.56074, 0.0838862, 0.573428, 0.513932, 0.174958, 0.532139, 0.821809, 0.176264, 10.3408, 12.6598, 3.45554, 0.12179, -0.364725, -0.053024, 0.248686, 64.2672, -4.55154, -16.912, -1.11455, 1.66409, -0.0413852, 
0.75, 0, -0.0384093, 0.56074, 0.0838862, 0.573428, 0.513932, 0.174958, 0.533865, 0.823562, 0.17563, 10.3408, 12.6598, 3.45554, 0.12179, -0.364725, -0.053024, 0.248686, 64.2672, -4.55154, -16.912, -1.11455, 1.66409, -0.0413852, 
0.75, 0, -0.0384093, 0.56074, 0.0838862, 0.573428, 0.513932, 0.174958, 0.532323, 0.825875, 0.174877, 10.3408, 12.6598, 3.45554, 0.12179, -0.364725, -0.053024, 0.248686, 64.2672, -4.55154, -16.912, -1.11455, 1.66409, -0.0413852, 
0.75, 0, -0.0384093, 0.56074, 0.0838862, 0.573428, 0.513932, 0.174958, 0.530747, 0.828131, 0.176505, 10.3408, 12.6598, 3.45554, 0.12179, -0.364725, -0.053024, 0.248686, 64.2672, -4.55154, -16.912, -1.11455, 1.66409, -0.0413852, 
0.75, 0, -0.0384093, 0.56074, 0.0838862, 0.573428, 0.513932, 0.174958, 0.53079, 0.830754, 0.176671, 10.3408, 12.6598, 3.45554, 0.12179, -0.364725, -0.053024, 0.248686, 64.2672, -4.55154, -16.912, -1.11455, 1.66409, -0.0413852, 
0.75, 0, -0.0384093, 0.56074, 0.0838862, 0.573428, 0.513932, 0.174958, 0.530456, 0.832276, 0.176627, 10.3408, 12.6598, 3.45554, 0.12179, -0.364725, -0.053024, 0.248686, 64.2672, -4.55154, -16.912, -1.11455, 1.66409, -0.0413852, 
0.75, 0, -0.0384093, 0.56074, 0.0838862, 0.573428, 0.513932, 0.174958, 0.52989, 0.83436, 0.176575, 10.3408, 12.6598, 3.45554, 0.12179, -0.364725, -0.053024, 0.248686, 64.2672, -4.55154, -16.912, -1.11455, 1.66409, -0.0413852, 
0.75, 0, -0.0384093, 0.56074, 0.0838862, 0.573428, 0.513932, 0.174958, 0.529775, 0.835629, 0.176643, 10.3408, 12.6598, 3.45554, 0.12179, -0.364725, -0.053024, 0.248686, 64.2672, -4.55154, -16.912, -1.11455, 1.66409, -0.0413852, 
0.75, 0, -0.0384093, 0.56074, 0.0838862, 0.573428, 0.513932, 0.174958, 0.529454, 0.837322, 0.176492, 10.3408, 12.6598, 3.45554, 0.12179, -0.364725, -0.053024, 0.248686, 64.2672, -4.55154, -16.912, -1.11455, 1.66409, -0.0413852, 
0.75, 0, -0.0384093, 0.56074, 0.0838862, 0.573428, 0.513932, 0.174958, 0.529128, 0.838343, 0.176476, 10.3408, 12.6598, 3.45554, 0.12179, -0.364725, -0.053024, 0.248686, 64.2672, -4.55154, -16.912, -1.11455, 1.66409, -0.0413852, 
0.75, 0, -0.0384093, 0.56074, 0.0838862, 0.573428, 0.513932, 0.174958, 0.528971, 0.839781, 0.176519, 10.3408, 12.6598, 3.45554, 0.12179, -0.364725, -0.053024, 0.248686, 64.2672, -4.55154, -16.912, -1.11455, 1.66409, -0.0413852, 
0.75, 0, -0.0384093, 0.56074, 0.0838862, 0.573428, 0.513932, 0.174958, 0.52878, 0.840576, 0.176488, 10.3408, 12.6598, 3.45554, 0.12179, -0.364725, -0.053024, 0.248686, 64.2672, -4.55154, -16.912, -1.11455, 1.66409, -0.0413852, 
0.75, 0, -0.0384093, 0.56074, 0.0838862, 0.573428, 0.513932, 0.174958, 0.528586, 0.841679, 0.176542, 10.3408, 12.6598, 3.45554, 0.12179, -0.364725, -0.053024, 0.248686, 64.2672, -4.55154, -16.912, -1.11455, 1.66409, -0.0413852, 
0.75, 0, -0.0384093, 0.56074, 0.0838862, 0.573428, 0.513932, 0.174958, 0.528492, 0.842305, 0.176546, 10.3408, 12.6598, 3.45554, 0.12179, -0.364725, -0.053024, 0.248686, 64.2672, -4.55154, -16.912, -1.11455, 1.66409, -0.0413852, 
0.75, 0, -0.0384093, 0.56074, 0.0838862, 0.573428, 0.513932, 0.174958, 0.52838, 0.843063, 0.176567, 10.3408, 12.6598, 3.45554, 0.12179, -0.364725, -0.053024, 0.248686, 64.2672, -4.55154, -16.912, -1.11455, 1.66409, -0.0413852, 
0.75, 0, -0.0384093, 0.56074, 0.0838862, 0.573428, 0.513932, 0.174958, 0.528555, 0.843695, 0.176831, 10.3408, 12.6598, 3.45554, 0.12179, -0.364725, -0.053024, 0.248686, 64.2672, -4.55154, -16.912, -1.11455, 1.66409, -0.0413852, 
0.75, 0, -0.0384093, 0.56074, 0.0838862, 0.573428, 0.513932, 0.174958, 0.528291, 0.843813, 0.176546, 10.3408, 12.6598, 3.45554, 0.12179, -0.364725, -0.053024, 0.248686, 64.2672, -4.55154, -16.912, -1.11455, 1.66409, -0.0413852, 
0.75, 0, -0.0384093, 0.56074, 0.0838862, 0.573428, 0.513932, 0.174958, 0.528271, 0.843918, 0.176547, 10.3408, 12.6598, 3.45554, 0.12179, -0.364725, -0.053024, 0.248686, 64.2672, -4.55154, -16.912, -1.11455, 1.66409, -0.0413852, 
0.75, 0, -0.0384093, 0.56074, 0.0838862, 0.573428, 0.513932, 0.174958, 0.528221, 0.843792, 0.176485, 10.3408, 12.6598, 3.45554, 0.12179, -0.364725, -0.053024, 0.248686, 64.2672, -4.55154, -16.912, -1.11455, 1.66409, -0.0413852, 
0.75, 0, -0.0384093, 0.56074, 0.0838862, 0.573428, 0.513932, 0.174958, 0.528193, 0.843742, 0.176494, 10.3408, 12.6598, 3.45554, 0.12179, -0.364725, -0.053024, 0.248686, 64.2672, -4.55154, -16.912, -1.11455, 1.66409, -0.0413852, 
0.75, 0, -0.0384093, 0.56074, 0.0838862, 0.573428, 0.513932, 0.174958, 0.528211, 0.843815, 0.17654, 10.3408, 12.6598, 3.45554, 0.12179, -0.364725, -0.053024, 0.248686, 64.2672, -4.55154, -16.912, -1.11455, 1.66409, -0.0413852, 
0.75, 0, -0.0384093, 0.56074, 0.0838862, 0.573428, 0.513932, 0.174958, 0.528181, 0.843751, 0.176558, 10.3408, 12.6598, 3.45554, 0.12179, -0.364725, -0.053024, 0.248686, 64.2672, -4.55154, -16.912, -1.11455, 1.66409, -0.0413852, 
0.75, 0, -0.0384093, 0.56074, 0.0838862, 0.573428, 0.513932, 0.174958, 0.528195, 0.843747, 0.176565, 10.3408, 12.6598, 3.45554, 0.12179, -0.364725, -0.053024, 0.248686, 64.2672, -4.55154, -16.912, -1.11455, 1.66409, -0.0413852, 
0.75, 0, -0.0384093, 0.56074, 0.0838862, 0.573428, 0.513932, 0.174958, 0.528261, 0.843926, 0.17664, 10.3408, 12.6598, 3.45554, 0.12179, -0.364725, -0.053024, 0.248686, 64.2672, -4.55154, -16.912, -1.11455, 1.66409, -0.0413852, 
0.75, 0, -0.0384093, 0.56074, 0.0838862, 0.573428, 0.513932, 0.174958, 0.528155, 0.843758, 0.176506, 10.3408, 12.6598, 3.45554, 0.12179, -0.364725, -0.053024, 0.248686, 64.2672, -4.55154, -16.912, -1.11455, 1.66409, -0.0413852, 
0.75, 0, -0.0384093, 0.56074, 0.0838862, 0.573428, 0.513932, 0.174958, 0.528258, 0.843932, 0.176578, 10.3408, 12.6598, 3.45554, 0.12179, -0.364725, -0.053024, 0.248686, 64.2672, -4.55154, -16.912, -1.11455, 1.66409, -0.0413852, 
0.75, 0, -0.0384093, 0.56074, 0.0838862, 0.573428, 0.513932, 0.174958, 0.52811, 0.843736, 0.176446, 10.3408, 12.6598, 3.45554, 0.12179, -0.364725, -0.053024, 0.248686, 64.2672, -4.55154, -16.912, -1.11455, 1.66409, -0.0413852, 
0.75, 0, -0.0384093, 0.56074, 0.0838862, 0.573428, 0.513932, 0.174958, 0.528189, 0.843783, 0.176528, 10.3408, 12.6598, 3.45554, 0.12179, -0.364725, -0.053024, 0.248686, 64.2672, -4.55154, -16.912, -1.11455, 1.66409, -0.0413852, 
0.75, 0, -0.0384093, 0.56074, 0.0838862, 0.573428, 0.513932, 0.174958, 0.528097, 0.843731, 0.176477, 10.3408, 12.6598, 3.45554, 0.12179, -0.364725, -0.053024, 0.248686, 64.2672, -4.55154, -16.912, -1.11455, 1.66409, -0.0413852, 
0.75, 0, -0.0384093, 0.56074, 0.0838862, 0.573428, 0.513932, 0.174958, 0.528052, 0.843689, 0.176465, 10.3408, 12.6598, 3.45554, 0.12179, -0.364725, -0.053024, 0.248686, 64.2672, -4.55154, -16.912, -1.11455, 1.66409, -0.0413852, 
0.75, 0, -0.0384093, 0.56074, 0.0838862, 0.573428, 0.513932, 0.174958, 0.528131, 0.843717, 0.17652, 10.3408, 12.6598, 3.45554, 0.12179, -0.364725, -0.053024, 0.248686, 64.2672, -4.55154, -16.912, -1.11455, 1.66409, -0.0413852, 
0.75, 0, -0.0384093, 0.56074, 0.0838862, 0.573428, 0.513932, 0.174958, 0.528122, 0.843849, 0.17654, 10.3408, 12.6598, 3.45554, 0.12179, -0.364725, -0.053024, 0.248686, 64.2672, -4.55154, -16.912, -1.11455, 1.66409, -0.0413852, 
0.75, 0, -0.0384093, 0.56074, 0.0838862, 0.573428, 0.513932, 0.174958, 0.528126, 0.843848, 0.176552, 10.3408, 12.6598, 3.45554, 0.12179, -0.364725, -0.053024, 0.248686, 64.2672, -4.55154, -16.912, -1.11455, 1.66409, -0.0413852, 
0.75, 0, -0.0384093, 0.56074, 0.0838862, 0.573428, 0.513932, 0.174958, 0.528092, 0.843689, 0.17646, 10.3408, 12.6598, 3.45554, 0.12179, -0.364725, -0.053024, 0.248686, 64.2672, -4.55154, -16.912, -1.11455, 1.66409, -0.0413852, 
0.75, 0, -0.0384093, 0.56074, 0.0838862, 0.573428, 0.513932, 0.174958, 0.528094, 0.843708, 0.17646, 10.3408, 12.6598, 3.45554, 0.12179, -0.364725, -0.053024, 0.248686, 64.2672, -4.55154, -16.912, -1.11455, 1.66409, -0.0413852, 
0.75, 0, -0.0384093, 0.56074, 0.0838862, 0.573428, 0.513932, 0.174958, 0.528101, 0.843698, 0.176444, 10.3408, 12.6598, 3.45554, 0.12179, -0.364725, -0.053024, 0.248686, 64.2672, -4.55154, -16.912, -1.11455, 1.66409, -0.0413852, 
0.75, 0, -0.0384093, 0.56074, 0.0838862, 0.573428, 0.513932, 0.174958, 0.52808, 0.843697, 0.176472, 10.3408, 12.6598, 3.45554, 0.12179, -0.364725, -0.053024, 0.248686, 64.2672, -4.55154, -16.912, -1.11455, 1.66409, -0.0413852, 
0.75, 0, -0.0384093, 0.56074, 0.0838862, 0.573428, 0.513932, 0.174958, 0.528084, 0.843702, 0.176451, 10.3408, 12.6598, 3.45554, 0.12179, -0.364725, -0.053024, 0.248686, 64.2672, -4.55154, -16.912, -1.11455, 1.66409, -0.0413852, 
0.75, 0, -0.0384093, 0.56074, 0.0838862, 0.573428, 0.513932, 0.174958, 0.528052, 0.843691, 0.176437, 10.3408, 12.6598, 3.45554, 0.12179, -0.364725, -0.053024, 0.248686, 64.2672, -4.55154, -16.912, -1.11455, 1.66409, -0.0413852, 
0.75, 0, -0.0384093, 0.56074, 0.0838862, 0.573428, 0.513932, 0.174958, 0.528134, 0.843857, 0.176534, 10.3408, 12.6598, 3.45554, 0.12179, -0.364725, -0.053024, 0.248686, 64.2672, -4.55154, -16.912, -1.11455, 1.66409, -0.0413852, 
0.75, 0, -0.0384093, 0.56074, 0.0838862, 0.573428, 0.513932, 0.174958, 0.528138, 0.843726, 0.176522, 10.3408, 12.6598, 3.45554, 0.12179, -0.364725, -0.053024, 0.248686, 64.2672, -4.55154, -16.912, -1.11455, 1.66409, -0.0413852, 
0.75, 0, -0.0384093, 0.56074, 0.0838862, 0.573428, 0.513932, 0.174958, 0.528152, 0.843728, 0.176502, 10.3408, 12.6598, 3.45554, 0.12179, -0.364725, -0.053024, 0.248686, 64.2672, -4.55154, -16.912, -1.11455, 1.66409, -0.0413852, 
0.75, 0, -0.0384093, 0.56074, 0.0838862, 0.573428, 0.513932, 0.174958, 0.528149, 0.843727, 0.176525, 10.3408, 12.6598, 3.45554, 0.12179, -0.364725, -0.053024, 0.248686, 64.2672, -4.55154, -16.912, -1.11455, 1.66409, -0.0413852, 
0.75, 0, -0.0384093, 0.56074, 0.0838862, 0.573428, 0.513932, 0.174958, 0.528154, 0.843716, 0.176513, 10.3408, 12.6598, 3.45554, 0.12179, -0.364725, -0.053024, 0.248686, 64.2672, -4.55154, -16.912, -1.11455, 1.66409, -0.0413852, 
0.75, 0, -0.0384093, 0.56074, 0.0838862, 0.573428, 0.513932, 0.174958, 0.528145, 0.843709, 0.176526, 10.3408, 12.6598, 3.45554, 0.12179, -0.364725, -0.053024, 0.248686, 64.2672, -4.55154, -16.912, -1.11455, 1.66409, -0.0413852, 
0.75, 0, -0.0384093, 0.56074, 0.0838862, 0.573428, 0.513932, 0.174958, 0.528151, 0.843702, 0.176514, 10.3408, 12.6598, 3.45554, 0.12179, -0.364725, -0.053024, 0.248686, 64.2672, -4.55154, -16.912, -1.11455, 1.66409, -0.0413852, 
0.75, 0, -0.0384093, 0.56074, 0.0838862, 0.573428, 0.513932, 0.174958, 0.528136, 0.843712, 0.176525, 10.3408, 12.6598, 3.45554, 0.12179, -0.364725, -0.053024, 0.248686, 64.2672, -4.55154, -16.912, -1.11455, 1.66409, -0.0413852, 
0.75, 0, -0.0384093, 0.56074, 0.0838862, 0.573428, 0.513932, 0.174958, 0.528139, 0.843724, 0.176515, 10.3408, 12.6598, 3.45554, 0.12179, -0.364725, -0.053024, 0.248686, 64.2672, -4.55154, -16.912, -1.11455, 1.66409, -0.0413852, 
0.75, 0, -0.0384093, 0.56074, 0.0838862, 0.573428, 0.513932, 0.174958, 0.528203, 0.843885, 0.176598, 10.3408, 12.6598, 3.45554, 0.12179, -0.364725, -0.053024, 0.248686, 64.2672, -4.55154, -16.912, -1.11455, 1.66409, -0.0413852, 
0.75, 0, -0.0384093, 0.56074, 0.0838862, 0.573428, 0.513932, 0.174958, 0.528208, 0.843887, 0.176604, 10.3408, 12.6598, 3.45554, 0.12179, -0.364725, -0.053024, 0.248686, 64.2672, -4.55154, -16.912, -1.11455, 1.66409, -0.0413852, 
0.75, 0, -0.0384093, 0.56074, 0.0838862, 0.573428, 0.513932, 0.174958, 0.528163, 0.843723, 0.176528, 10.3408, 12.6598, 3.45554, 0.12179, -0.364725, -0.053024, 0.248686, 64.2672, -4.55154, -16.912, -1.11455, 1.66409, -0.0413852, 
0.75, 0, -0.0384093, 0.56074, 0.0838862, 0.573428, 0.513932, 0.174958, 0.52826, 0.843768, 0.176577, 10.3408, 12.6598, 3.45554, 0.12179, -0.364725, -0.053024, 0.248686, 64.2672, -4.55154, -16.912, -1.11455, 1.66409, -0.0413852, 
0.75, 0, -0.0384093, 0.56074, 0.0838862, 0.573428, 0.513932, 0.174958, 0.528149, 0.843709, 0.176543, 10.3408, 12.6598, 3.45554, 0.12179, -0.364725, -0.053024, 0.248686, 64.2672, -4.55154, -16.912, -1.11455, 1.66409, -0.0413852, 
0.75, 0, -0.0384093, 0.56074, 0.0838862, 0.573428, 0.513932, 0.174958, 0.528142, 0.843708, 0.176542, 10.3408, 12.6598, 3.45554, 0.12179, -0.364725, -0.053024, 0.248686, 64.2672, -4.55154, -16.912, -1.11455, 1.66409, -0.0413852, 
0.75, 0, -0.0384093, 0.56074, 0.0838862, 0.573428, 0.513932, 0.174958, 0.529564, 0.842724, 0.175258, 10.3408, 12.6598, 3.45554, 0.12179, -0.364725, -0.053024, 0.248686, 64.2672, -4.55154, -16.912, -1.11455, 1.66409, -0.0413852, 
0.75, 0, -0.0384093, 0.56074, 0.0838862, 0.573428, 0.513932, 0.174958, 0.528226, 0.843773, 0.176591, 10.3408, 12.6598, 3.45554, 0.12179, -0.364725, -0.053024, 0.248686, 64.2672, -4.55154, -16.912, -1.11455, 1.66409, -0.0413852, 
0.75, 0, -0.0384093, 0.56074, 0.0838862, 0.573428, 0.513932, 0.174958, 0.528239, 0.843788, 0.176603, 10.3408, 12.6598, 3.45554, 0.12179, -0.364725, -0.053024, 0.248686, 64.2672, -4.55154, -16.912, -1.11455, 1.66409, -0.0413852, 
0.75, 0, -0.0384093, 0.56074, 0.0838862, 0.573428, 0.513932, 0.174958, 0.528244, 0.843788, 0.176602, 10.3408, 12.6598, 3.45554, 0.12179, -0.364725, -0.053024, 0.248686, 64.2672, -4.55154, -16.912, -1.11455, 1.66409, -0.0413852, 
0.75, 0, -0.0384093, 0.56074, 0.0838862, 0.573428, 0.513932, 0.174958, 0.528251, 0.843781, 0.176608, 10.3408, 12.6598, 3.45554, 0.12179, -0.364725, -0.053024, 0.248686, 64.2672, -4.55154, -16.912, -1.11455, 1.66409, -0.0413852, 
0.75, 0, -0.0384093, 0.56074, 0.0838862, 0.573428, 0.513932, 0.174958, 0.528246, 0.843786, 0.176602, 10.3408, 12.6598, 3.45554, 0.12179, -0.364725, -0.053024, 0.248686, 64.2672, -4.55154, -16.912, -1.11455, 1.66409, -0.0413852, 
0.75, 0, -0.0384093, 0.56074, 0.0838862, 0.573428, 0.513932, 0.174958, 0.528244, 0.843769, 0.176596, 10.3408, 12.6598, 3.45554, 0.12179, -0.364725, -0.053024, 0.248686, 64.2672, -4.55154, -16.912, -1.11455, 1.66409, -0.0413852, 
0.75, 0, -0.0384093, 0.56074, 0.0838862, 0.573428, 0.513932, 0.174958, 0.528229, 0.843747, 0.176595, 10.3408, 12.6598, 3.45554, 0.12179, -0.364725, -0.053024, 0.248686, 64.2672, -4.55154, -16.912, -1.11455, 1.66409, -0.0413852, 
0.75, 0, -0.0384093, 0.56074, 0.0838862, 0.573428, 0.513932, 0.174958, 0.528241, 0.843753, 0.176598, 10.3408, 12.6598, 3.45554, 0.12179, -0.364725, -0.053024, 0.248686, 64.2672, -4.55154, -16.912, -1.11455, 1.66409, -0.0413852, 
0.75, 0, -0.0384093, 0.56074, 0.0838862, 0.573428, 0.513932, 0.174958, 0.528234, 0.843763, 0.176584, 10.3408, 12.6598, 3.45554, 0.12179, -0.364725, -0.053024, 0.248686, 64.2672, -4.55154, -16.912, -1.11455, 1.66409, -0.0413852, 
0.75, 0, -0.0384093, 0.56074, 0.0838862, 0.573428, 0.513932, 0.174958, 0.52824, 0.843772, 0.17661, 10.3408, 12.6598, 3.45554, 0.12179, -0.364725, -0.053024, 0.248686, 64.2672, -4.55154, -16.912, -1.11455, 1.66409, -0.0413852, 
0.75, 0, -0.0384093, 0.56074, 0.0838862, 0.573428, 0.513932, 0.174958, 0.528244, 0.843789, 0.176615, 10.3408, 12.6598, 3.45554, 0.12179, -0.364725, -0.053024, 0.248686, 64.2672, -4.55154, -16.912, -1.11455, 1.66409, -0.0413852, 
0.75, 0, -0.0384093, 0.56074, 0.0838862, 0.573428, 0.513932, 0.174958, 0.528314, 0.843953, 0.176706, 10.3408, 12.6598, 3.45554, 0.12179, -0.364725, -0.053024, 0.248686, 64.2672, -4.55154, -16.912, -1.11455, 1.66409, -0.0413852, 
0.75, 0, -0.0384093, 0.56074, 0.0838862, 0.573428, 0.513932, 0.174958, 0.528252, 0.843791, 0.176621, 10.3408, 12.6598, 3.45554, 0.12179, -0.364725, -0.053024, 0.248686, 64.2672, -4.55154, -16.912, -1.11455, 1.66409, -0.0413852, 
0.75, 0, -0.0384093, 0.56074, 0.0838862, 0.573428, 0.513932, 0.174958, 0.528232, 0.843774, 0.176599, 10.3408, 12.6598, 3.45554, 0.12179, -0.364725, -0.053024, 0.248686, 64.2672, -4.55154, -16.912, -1.11455, 1.66409, -0.0413852, 
0.75, 0, -0.0384093, 0.56074, 0.0838862, 0.573428, 0.513932, 0.174958, 0.528229, 0.843778, 0.176609, 10.3408, 12.6598, 3.45554, 0.12179, -0.364725, -0.053024, 0.248686, 64.2672, -4.55154, -16.912, -1.11455, 1.66409, -0.0413852, 
0.75, 0, -0.0384093, 0.56074, 0.0838862, 0.573428, 0.513932, 0.174958, 0.528229, 0.843764, 0.176618, 10.3408, 12.6598, 3.45554, 0.12179, -0.364725, -0.053024, 0.248686, 64.2672, -4.55154, -16.912, -1.11455, 1.66409, -0.0413852, 
0.75, 0, -0.0384093, 0.56074, 0.0838862, 0.573428, 0.513932, 0.174958, 0.52823, 0.843763, 0.176612, 10.3408, 12.6598, 3.45554, 0.12179, -0.364725, -0.053024, 0.248686, 64.2672, -4.55154, -16.912, -1.11455, 1.66409, -0.0413852, 
0.75, 0, -0.0384093, 0.56074, 0.0838862, 0.573428, 0.513932, 0.174958, 0.528129, 0.843715, 0.176583, 10.3408, 12.6598, 3.45554, 0.12179, -0.364725, -0.053024, 0.248686, 64.2672, -4.55154, -16.912, -1.11455, 1.66409, -0.0413852, 
0.75, 0, -0.0384093, 0.56074, 0.0838862, 0.573428, 0.513932, 0.174958, 0.528242, 0.843788, 0.176634, 10.3408, 12.6598, 3.45554, 0.12179, -0.364725, -0.053024, 0.248686, 64.2672, -4.55154, -16.912, -1.11455, 1.66409, -0.0413852, 
0.75, 0, -0.0384093, 0.56074, 0.0838862, 0.573428, 0.513932, 0.174958, 0.528239, 0.843792, 0.176637, 10.3408, 12.6598, 3.45554, 0.12179, -0.364725, -0.053024, 0.248686, 64.2672, -4.55154, -16.912, -1.11455, 1.66409, -0.0413852, 
0.75, 0, -0.0384093, 0.56074, 0.0838862, 0.573428, 0.513932, 0.174958, 0.528124, 0.843737, 0.176588, 10.3408, 12.6598, 3.45554, 0.12179, -0.364725, -0.053024, 0.248686, 64.2672, -4.55154, -16.912, -1.11455, 1.66409, -0.0413852, 
0.75, 0, -0.0384093, 0.56074, 0.0838862, 0.573428, 0.513932, 0.174958, 0.528124, 0.843734, 0.176587, 10.3408, 12.6598, 3.45554, 0.12179, -0.364725, -0.053024, 0.248686, 64.2672, -4.55154, -16.912, -1.11455, 1.66409, -0.0413852, 
0.75, 0, -0.0384093, 0.56074, 0.0838862, 0.573428, 0.513932, 0.174958, 0.528108, 0.843721, 0.176562, 10.3408, 12.6598, 3.45554, 0.12179, -0.364725, -0.053024, 0.248686, 64.2672, -4.55154, -16.912, -1.11455, 1.66409, -0.0413852, 
0.75, 0, -0.0384093, 0.56074, 0.0838862, 0.573428, 0.513932, 0.174958, 0.528127, 0.843716, 0.176586, 10.3408, 12.6598, 3.45554, 0.12179, -0.364725, -0.053024, 0.248686, 64.2672, -4.55154, -16.912, -1.11455, 1.66409, -0.0413852, 
0.75, 0, -0.0384093, 0.56074, 0.0838862, 0.573428, 0.513932, 0.174958, 0.528118, 0.843715, 0.176578, 10.3408, 12.6598, 3.45554, 0.12179, -0.364725, -0.053024, 0.248686, 64.2672, -4.55154, -16.912, -1.11455, 1.66409, -0.0413852, 
0.75, 0, -0.0384093, 0.56074, 0.0838862, 0.573428, 0.513932, 0.174958, 0.528122, 0.843702, 0.176575, 10.3408, 12.6598, 3.45554, 0.12179, -0.364725, -0.053024, 0.248686, 64.2672, -4.55154, -16.912, -1.11455, 1.66409, -0.0413852, 
0.75, 0, -0.0384093, 0.56074, 0.0838862, 0.573428, 0.513932, 0.174958, 0.528127, 0.843722, 0.176585, 10.3408, 12.6598, 3.45554, 0.12179, -0.364725, -0.053024, 0.248686, 64.2672, -4.55154, -16.912, -1.11455, 1.66409, -0.0413852, 
0.75, 0, -0.0384093, 0.56074, 0.0838862, 0.573428, 0.513932, 0.174958, 0.528074, 0.84373, 0.176676, 10.3408, 12.6598, 3.45554, 0.12179, -0.364725, -0.053024, 0.248686, 64.2672, -4.55154, -16.912, -1.11455, 1.66409, -0.0413852, 
0.75, 0, -0.0384093, 0.56074, 0.0838862, 0.573428, 0.513932, 0.174958, 0.528123, 0.843727, 0.176591, 10.3408, 12.6598, 3.45554, 0.12179, -0.364725, -0.053024, 0.248686, 64.2672, -4.55154, -16.912, -1.11455, 1.66409, -0.0413852, 
0.75, 0, -0.0384093, 0.56074, 0.0838862, 0.573428, 0.513932, 0.174958, 0.528126, 0.843724, 0.176588, 10.3408, 12.6598, 3.45554, 0.12179, -0.364725, -0.053024, 0.248686, 64.2672, -4.55154, -16.912, -1.11455, 1.66409, -0.0413852, 
0.75, 0, -0.0384093, 0.56074, 0.0838862, 0.573428, 0.513932, 0.174958, 0.528084, 0.843752, 0.176679, 10.3408, 12.6598, 3.45554, 0.12179, -0.364725, -0.053024, 0.248686, 64.2672, -4.55154, -16.912, -1.11455, 1.66409, -0.0413852, 
0.75, 0, -0.0384093, 0.56074, 0.0838862, 0.573428, 0.513932, 0.174958, 0.528084, 0.843739, 0.176667, 10.3408, 12.6598, 3.45554, 0.12179, -0.364725, -0.053024, 0.248686, 64.2672, -4.55154, -16.912, -1.11455, 1.66409, -0.0413852, 
0.75, 0, -0.0384093, 0.56074, 0.0838862, 0.573428, 0.513932, 0.174958, 0.528094, 0.843701, 0.176562, 10.3408, 12.6598, 3.45554, 0.12179, -0.364725, -0.053024, 0.248686, 64.2672, -4.55154, -16.912, -1.11455, 1.66409, -0.0413852, 
0.75, 0, -0.0384093, 0.56074, 0.0838862, 0.573428, 0.513932, 0.174958, 0.52812, 0.84371, 0.176583, 10.3408, 12.6598, 3.45554, 0.12179, -0.364725, -0.053024, 0.248686, 64.2672, -4.55154, -16.912, -1.11455, 1.66409, -0.0413852, 
0.75, 0, -0.0384093, 0.56074, 0.0838862, 0.573428, 0.513932, 0.174958, 0.52807, 0.843741, 0.176679, 10.3408, 12.6598, 3.45554, 0.12179, -0.364725, -0.053024, 0.248686, 64.2672, -4.55154, -16.912, -1.11455, 1.66409, -0.0413852, 
0.75, 0, -0.0384093, 0.56074, 0.0838862, 0.573428, 0.513932, 0.174958, 0.528077, 0.843742, 0.176678, 10.3408, 12.6598, 3.45554, 0.12179, -0.364725, -0.053024, 0.248686, 64.2672, -4.55154, -16.912, -1.11455, 1.66409, -0.0413852, 
0.75, 0, -0.0384093, 0.56074, 0.0838862, 0.573428, 0.513932, 0.174958, 0.528141, 0.843914, 0.176771, 10.3408, 12.6598, 3.45554, 0.12179, -0.364725, -0.053024, 0.248686, 64.2672, -4.55154, -16.912, -1.11455, 1.66409, -0.0413852, 
0.75, 0, -0.0384093, 0.56074, 0.0838862, 0.573428, 0.513932, 0.174958, 0.528114, 0.843727, 0.176603, 10.3408, 12.6598, 3.45554, 0.12179, -0.364725, -0.053024, 0.248686, 64.2672, -4.55154, -16.912, -1.11455, 1.66409, -0.0413852, 
0.75, 0, -0.0384093, 0.56074, 0.0838862, 0.573428, 0.513932, 0.174958, 0.528106, 0.843716, 0.176588, 10.3408, 12.6598, 3.45554, 0.12179, -0.364725, -0.053024, 0.248686, 64.2672, -4.55154, -16.912, -1.11455, 1.66409, -0.0413852, 
0.75, 0, -0.0384093, 0.56074, 0.0838862, 0.573428, 0.513932, 0.174958, 0.528067, 0.843732, 0.176673, 10.3408, 12.6598, 3.45554, 0.12179, -0.364725, -0.053024, 0.248686, 64.2672, -4.55154, -16.912, -1.11455, 1.66409, -0.0413852, 
0.75, 0, -0.0384093, 0.56074, 0.0838862, 0.573428, 0.513932, 0.174958, 0.528123, 0.843716, 0.176583, 10.3408, 12.6598, 3.45554, 0.12179, -0.364725, -0.053024, 0.248686, 64.2672, -4.55154, -16.912, -1.11455, 1.66409, -0.0413852, 
0.75, 0, -0.0384093, 0.56074, 0.0838862, 0.573428, 0.513932, 0.174958, 0.528113, 0.843709, 0.176581, 10.3408, 12.6598, 3.45554, 0.12179, -0.364725, -0.053024, 0.248686, 64.2672, -4.55154, -16.912, -1.11455, 1.66409, -0.0413852, 
0.75, 0, -0.0384093, 0.56074, 0.0838862, 0.573428, 0.513932, 0.174958, 0.528077, 0.843735, 0.176677, 10.3408, 12.6598, 3.45554, 0.12179, -0.364725, -0.053024, 0.248686, 64.2672, -4.55154, -16.912, -1.11455, 1.66409, -0.0413852, 
0.75, 0, -0.0384093, 0.56074, 0.0838862, 0.573428, 0.513932, 0.174958, 0.528082, 0.843743, 0.17669, 10.3408, 12.6598, 3.45554, 0.12179, -0.364725, -0.053024, 0.248686, 64.2672, -4.55154, -16.912, -1.11455, 1.66409, -0.0413852, 
0.75, 0, -0.0384093, 0.56074, 0.0838862, 0.573428, 0.513932, 0.174958, 0.52811, 0.843706, 0.176589, 10.3408, 12.6598, 3.45554, 0.12179, -0.364725, -0.053024, 0.248686, 64.2672, -4.55154, -16.912, -1.11455, 1.66409, -0.0413852, 
0.75, 0, -0.0384093, 0.56074, 0.0838862, 0.573428, 0.513932, 0.174958, 0.528116, 0.843723, 0.176572, 10.3408, 12.6598, 3.45554, 0.12179, -0.364725, -0.053024, 0.248686, 64.2672, -4.55154, -16.912, -1.11455, 1.66409, -0.0413852, 
0.75, 0, -0.0384093, 0.56074, 0.0838862, 0.573428, 0.513932, 0.174958, 0.528116, 0.843725, 0.176591, 10.3408, 12.6598, 3.45554, 0.12179, -0.364725, -0.053024, 0.248686, 64.2672, -4.55154, -16.912, -1.11455, 1.66409, -0.0413852, 
0.75, 0, -0.0384093, 0.56074, 0.0838862, 0.573428, 0.513932, 0.174958, 0.528113, 0.843719, 0.176586, 10.3408, 12.6598, 3.45554, 0.12179, -0.364725, -0.053024, 0.248686, 64.2672, -4.55154, -16.912, -1.11455, 1.66409, -0.0413852, 
0.75, 0, -0.0384093, 0.56074, 0.0838862, 0.573428, 0.513932, 0.174958, 0.528075, 0.843751, 0.17669, 10.3408, 12.6598, 3.45554, 0.12179, -0.364725, -0.053024, 0.248686, 64.2672, -4.55154, -16.912, -1.11455, 1.66409, -0.0413852, 
0.75, 0, -0.0384093, 0.56074, 0.0838862, 0.573428, 0.513932, 0.174958, 0.528075, 0.843737, 0.176682, 10.3408, 12.6598, 3.45554, 0.12179, -0.364725, -0.053024, 0.248686, 64.2672, -4.55154, -16.912, -1.11455, 1.66409, -0.0413852, 
0.75, 0, -0.0384093, 0.56074, 0.0838862, 0.573428, 0.513932, 0.174958, 0.528076, 0.843746, 0.176694, 10.3408, 12.6598, 3.45554, 0.12179, -0.364725, -0.053024, 0.248686, 64.2672, -4.55154, -16.912, -1.11455, 1.66409, -0.0413852, 
0.75, 0, -0.0384093, 0.56074, 0.0838862, 0.573428, 0.513932, 0.174958, 0.528063, 0.843735, 0.176709, 10.3408, 12.6598, 3.45554, 0.12179, -0.364725, -0.053024, 0.248686, 64.2672, -4.55154, -16.912, -1.11455, 1.66409, -0.0413852, 
0.75, 0, -0.0384093, 0.56074, 0.0838862, 0.573428, 0.513932, 0.174958, 0.528076, 0.843743, 0.176691, 10.3408, 12.6598, 3.45554, 0.12179, -0.364725, -0.053024, 0.248686, 64.2672, -4.55154, -16.912, -1.11455, 1.66409, -0.0413852, 
0.75, 0, -0.0384093, 0.56074, 0.0838862, 0.573428, 0.513932, 0.174958, 0.528232, 0.843878, 0.176904, 10.3408, 12.6598, 3.45554, 0.12179, -0.364725, -0.053024, 0.248686, 64.2672, -4.55154, -16.912, -1.11455, 1.66409, -0.0413852, 
0.75, 0, -0.0384093, 0.56074, 0.0838862, 0.573428, 0.513932, 0.174958, 0.52824, 0.843883, 0.176877, 10.3408, 12.6598, 3.45554, 0.12179, -0.364725, -0.053024, 0.248686, 64.2672, -4.55154, -16.912, -1.11455, 1.66409, -0.0413852, 
0.75, 0, -0.0384093, 0.56074, 0.0838862, 0.573428, 0.513932, 0.174958, 0.528233, 0.843878, 0.176877, 10.3408, 12.6598, 3.45554, 0.12179, -0.364725, -0.053024, 0.248686, 64.2672, -4.55154, -16.912, -1.11455, 1.66409, -0.0413852, 
0.75, 0, -0.0384093, 0.56074, 0.0838862, 0.573428, 0.513932, 0.174958, 0.528237, 0.84387, 0.176875, 10.3408, 12.6598, 3.45554, 0.12179, -0.364725, -0.053024, 0.248686, 64.2672, -4.55154, -16.912, -1.11455, 1.66409, -0.0413852, 
0.75, 0, -0.0384093, 0.56074, 0.0838862, 0.573428, 0.513932, 0.174958, 0.528245, 0.843862, 0.176869, 10.3408, 12.6598, 3.45554, 0.12179, -0.364725, -0.053024, 0.248686, 64.2672, -4.55154, -16.912, -1.11455, 1.66409, -0.0413852, 
0.75, 0, -0.0384093, 0.56074, 0.0838862, 0.573428, 0.513932, 0.174958, 0.52824, 0.843865, 0.176851, 10.3408, 12.6598, 3.45554, 0.12179, -0.364725, -0.053024, 0.248686, 64.2672, -4.55154, -16.912, -1.11455, 1.66409, -0.0413852, 
0.75, 0, -0.0384093, 0.56074, 0.0838862, 0.573428, 0.513932, 0.174958, 0.528241, 0.843857, 0.176895, 10.3408, 12.6598, 3.45554, 0.12179, -0.364725, -0.053024, 0.248686, 64.2672, -4.55154, -16.912, -1.11455, 1.66409, -0.0413852, 
0.75, 0, -0.0384093, 0.56074, 0.0838862, 0.573428, 0.513932, 0.174958, 0.528244, 0.843859, 0.176899, 10.3408, 12.6598, 3.45554, 0.12179, -0.364725, -0.053024, 0.248686, 64.2672, -4.55154, -16.912, -1.11455, 1.66409, -0.0413852, 
0.75, 0, -0.0384093, 0.56074, 0.0838862, 0.573428, 0.513932, 0.174958, 0.528246, 0.843864, 0.1769, 10.3408, 12.6598, 3.45554, 0.12179, -0.364725, -0.053024, 0.248686, 64.2672, -4.55154, -16.912, -1.11455, 1.66409, -0.0413852, 
0.75, 0, -0.0384093, 0.56074, 0.0838862, 0.573428, 0.513932, 0.174958, 0.528258, 0.843873, 0.176875, 10.3408, 12.6598, 3.45554, 0.12179, -0.364725, -0.053024, 0.248686, 64.2672, -4.55154, -16.912, -1.11455, 1.66409, -0.0413852, 
0.75, 0, -0.0384093, 0.56074, 0.0838862, 0.573428, 0.513932, 0.174958, 0.528315, 0.844032, 0.176948, 10.3408, 12.6598, 3.45554, 0.12179, -0.364725, -0.053024, 0.248686, 64.2672, -4.55154, -16.912, -1.11455, 1.66409, -0.0413852, 
0.75, 0, -0.0384093, 0.56074, 0.0838862, 0.573428, 0.513932, 0.174958, 0.528295, 0.843849, 0.176776, 10.3408, 12.6598, 3.45554, 0.12179, -0.364725, -0.053024, 0.248686, 64.2672, -4.55154, -16.912, -1.11455, 1.66409, -0.0413852, 
0.75, 0, -0.0384093, 0.56074, 0.0838862, 0.573428, 0.513932, 0.174958, 0.528245, 0.843878, 0.176864, 10.3408, 12.6598, 3.45554, 0.12179, -0.364725, -0.053024, 0.248686, 64.2672, -4.55154, -16.912, -1.11455, 1.66409, -0.0413852, 
0.75, 0, -0.0384093, 0.56074, 0.0838862, 0.573428, 0.513932, 0.174958, 0.528261, 0.843861, 0.17686, 10.3408, 12.6598, 3.45554, 0.12179, -0.364725, -0.053024, 0.248686, 64.2672, -4.55154, -16.912, -1.11455, 1.66409, -0.0413852, 
0.75, 0, -0.0384093, 0.56074, 0.0838862, 0.573428, 0.513932, 0.174958, 0.528226, 0.84386, 0.176906, 10.3408, 12.6598, 3.45554, 0.12179, -0.364725, -0.053024, 0.248686, 64.2672, -4.55154, -16.912, -1.11455, 1.66409, -0.0413852, 
0.75, 0, -0.0384093, 0.56074, 0.0838862, 0.573428, 0.513932, 0.174958, 0.528256, 0.843851, 0.176874, 10.3408, 12.6598, 3.45554, 0.12179, -0.364725, -0.053024, 0.248686, 64.2672, -4.55154, -16.912, -1.11455, 1.66409, -0.0413852, 
0.75, 0, -0.0384093, 0.56074, 0.0838862, 0.573428, 0.513932, 0.174958, 0.528259, 0.843859, 0.176876, 10.3408, 12.6598, 3.45554, 0.12179, -0.364725, -0.053024, 0.248686, 64.2672, -4.55154, -16.912, -1.11455, 1.66409, -0.0413852, 
0.75, 0, -0.0384093, 0.56074, 0.0838862, 0.573428, 0.513932, 0.174958, 0.528257, 0.84388, 0.176875, 10.3408, 12.6598, 3.45554, 0.12179, -0.364725, -0.053024, 0.248686, 64.2672, -4.55154, -16.912, -1.11455, 1.66409, -0.0413852, 
0.75, 0, -0.0384093, 0.56074, 0.0838862, 0.573428, 0.513932, 0.174958, 0.528247, 0.843877, 0.176885, 10.3408, 12.6598, 3.45554, 0.12179, -0.364725, -0.053024, 0.248686, 64.2672, -4.55154, -16.912, -1.11455, 1.66409, -0.0413852, 
0.75, 0, -0.0384093, 0.56074, 0.0838862, 0.573428, 0.513932, 0.174958, 0.528253, 0.84388, 0.176886, 10.3408, 12.6598, 3.45554, 0.12179, -0.364725, -0.053024, 0.248686, 64.2672, -4.55154, -16.912, -1.11455, 1.66409, -0.0413852, 
0.75, 0, -0.0384093, 0.56074, 0.0838862, 0.573428, 0.513932, 0.174958, 0.528326, 0.843822, 0.17668, 10.3408, 12.6598, 3.45554, 0.12179, -0.364725, -0.053024, 0.248686, 64.2672, -4.55154, -16.912, -1.11455, 1.66409, -0.0413852, 
0.75, 0, -0.0384093, 0.56074, 0.0838862, 0.573428, 0.513932, 0.174958, 0.528246, 0.843869, 0.176879, 10.3408, 12.6598, 3.45554, 0.12179, -0.364725, -0.053024, 0.248686, 64.2672, -4.55154, -16.912, -1.11455, 1.66409, -0.0413852, 
0.75, 0, -0.0384093, 0.56074, 0.0838862, 0.573428, 0.513932, 0.174958, 0.528238, 0.843862, 0.176871, 10.3408, 12.6598, 3.45554, 0.12179, -0.364725, -0.053024, 0.248686, 64.2672, -4.55154, -16.912, -1.11455, 1.66409, -0.0413852, 
0.75, 0, -0.0384093, 0.56074, 0.0838862, 0.573428, 0.513932, 0.174958, 0.528336, 0.843911, 0.176953, 10.3408, 12.6598, 3.45554, 0.12179, -0.364725, -0.053024, 0.248686, 64.2672, -4.55154, -16.912, -1.11455, 1.66409, -0.0413852, 
0.75, 0, -0.0384093, 0.56074, 0.0838862, 0.573428, 0.513932, 0.174958, 0.528352, 0.843923, 0.176924, 10.3408, 12.6598, 3.45554, 0.12179, -0.364725, -0.053024, 0.248686, 64.2672, -4.55154, -16.912, -1.11455, 1.66409, -0.0413852, 
0.75, 0, -0.0384093, 0.56074, 0.0838862, 0.573428, 0.513932, 0.174958, 0.528356, 0.843925, 0.176936, 10.3408, 12.6598, 3.45554, 0.12179, -0.364725, -0.053024, 0.248686, 64.2672, -4.55154, -16.912, -1.11455, 1.66409, -0.0413852, 
0.75, 0, -0.0384093, 0.56074, 0.0838862, 0.573428, 0.513932, 0.174958, 0.528344, 0.843938, 0.176946, 10.3408, 12.6598, 3.45554, 0.12179, -0.364725, -0.053024, 0.248686, 64.2672, -4.55154, -16.912, -1.11455, 1.66409, -0.0413852, 
0.75, 0, -0.0384093, 0.56074, 0.0838862, 0.573428, 0.513932, 0.174958, 0.528358, 0.843953, 0.176947, 10.3408, 12.6598, 3.45554, 0.12179, -0.364725, -0.053024, 0.248686, 64.2672, -4.55154, -16.912, -1.11455, 1.66409, -0.0413852, 
0.75, 0, -0.0384093, 0.56074, 0.0838862, 0.573428, 0.513932, 0.174958, 0.528476, 0.844051, 0.176835, 10.3408, 12.6598, 3.45554, 0.12179, -0.364725, -0.053024, 0.248686, 64.2672, -4.55154, -16.912, -1.11455, 1.66409, -0.0413852, 
0.75, 0, -0.0384093, 0.56074, 0.0838862, 0.573428, 0.513932, 0.174958, 0.528357, 0.843935, 0.176943, 10.3408, 12.6598, 3.45554, 0.12179, -0.364725, -0.053024, 0.248686, 64.2672, -4.55154, -16.912, -1.11455, 1.66409, -0.0413852, 
0.75, 0, -0.0384093, 0.56074, 0.0838862, 0.573428, 0.513932, 0.174958, 0.528359, 0.843928, 0.176935, 10.3408, 12.6598, 3.45554, 0.12179, -0.364725, -0.053024, 0.248686, 64.2672, -4.55154, -16.912, -1.11455, 1.66409, -0.0413852, 
0.75, 0, -0.0384093, 0.56074, 0.0838862, 0.573428, 0.513932, 0.174958, 0.528411, 0.843868, 0.176742, 10.3408, 12.6598, 3.45554, 0.12179, -0.364725, -0.053024, 0.248686, 64.2672, -4.55154, -16.912, -1.11455, 1.66409, -0.0413852, 
0.75, 0, -0.0384093, 0.56074, 0.0838862, 0.573428, 0.513932, 0.174958, 0.52842, 0.843855, 0.176728, 10.3408, 12.6598, 3.45554, 0.12179, -0.364725, -0.053024, 0.248686, 64.2672, -4.55154, -16.912, -1.11455, 1.66409, -0.0413852, 
0.75, 0, -0.0384093, 0.56074, 0.0838862, 0.573428, 0.513932, 0.174958, 0.528417, 0.843863, 0.17673, 10.3408, 12.6598, 3.45554, 0.12179, -0.364725, -0.053024, 0.248686, 64.2672, -4.55154, -16.912, -1.11455, 1.66409, -0.0413852, 
0.75, 0, -0.0384093, 0.56074, 0.0838862, 0.573428, 0.513932, 0.174958, 0.528423, 0.843871, 0.176731, 10.3408, 12.6598, 3.45554, 0.12179, -0.364725, -0.053024, 0.248686, 64.2672, -4.55154, -16.912, -1.11455, 1.66409, -0.0413852, 
0.75, 0, -0.0384093, 0.56074, 0.0838862, 0.573428, 0.513932, 0.174958, 0.528425, 0.843883, 0.176754, 10.3408, 12.6598, 3.45554, 0.12179, -0.364725, -0.053024, 0.248686, 64.2672, -4.55154, -16.912, -1.11455, 1.66409, -0.0413852, 
0.75, 0, -0.0384093, 0.56074, 0.0838862, 0.573428, 0.513932, 0.174958, 0.528415, 0.844106, 0.177027, 10.3408, 12.6598, 3.45554, 0.12179, -0.364725, -0.053024, 0.248686, 64.2672, -4.55154, -16.912, -1.11455, 1.66409, -0.0413852, 
0.75, 0, -0.0384093, 0.56074, 0.0838862, 0.573428, 0.513932, 0.174958, 0.528358, 0.843945, 0.176937, 10.3408, 12.6598, 3.45554, 0.12179, -0.364725, -0.053024, 0.248686, 64.2672, -4.55154, -16.912, -1.11455, 1.66409, -0.0413852, 
0.75, 0, -0.0384093, 0.56074, 0.0838862, 0.573428, 0.513932, 0.174958, 0.52842, 0.843883, 0.176756, 10.3408, 12.6598, 3.45554, 0.12179, -0.364725, -0.053024, 0.248686, 64.2672, -4.55154, -16.912, -1.11455, 1.66409, -0.0413852, 
0.75, 0, -0.0384093, 0.56074, 0.0838862, 0.573428, 0.513932, 0.174958, 0.528426, 0.84386, 0.176739, 10.3408, 12.6598, 3.45554, 0.12179, -0.364725, -0.053024, 0.248686, 64.2672, -4.55154, -16.912, -1.11455, 1.66409, -0.0413852, 
0.75, 0, -0.0384093, 0.56074, 0.0838862, 0.573428, 0.513932, 0.174958, 0.528424, 0.84385, 0.176734, 10.3408, 12.6598, 3.45554, 0.12179, -0.364725, -0.053024, 0.248686, 64.2672, -4.55154, -16.912, -1.11455, 1.66409, -0.0413852, 
0.75, 0, -0.0384093, 0.56074, 0.0838862, 0.573428, 0.513932, 0.174958, 0.52842, 0.843853, 0.176736, 10.3408, 12.6598, 3.45554, 0.12179, -0.364725, -0.053024, 0.248686, 64.2672, -4.55154, -16.912, -1.11455, 1.66409, -0.0413852, 
0.75, 0, -0.0384093, 0.56074, 0.0838862, 0.573428, 0.513932, 0.174958, 0.528418, 0.843859, 0.17674, 10.3408, 12.6598, 3.45554, 0.12179, -0.364725, -0.053024, 0.248686, 64.2672, -4.55154, -16.912, -1.11455, 1.66409, -0.0413852, 
0.75, 0, -0.0384093, 0.56074, 0.0838862, 0.573428, 0.513932, 0.174958, 0.528423, 0.843875, 0.176749, 10.3408, 12.6598, 3.45554, 0.12179, -0.364725, -0.053024, 0.248686, 64.2672, -4.55154, -16.912, -1.11455, 1.66409, -0.0413852, 
0.75, 0, -0.0384093, 0.56074, 0.0838862, 0.573428, 0.513932, 0.174958, 0.528416, 0.843878, 0.176758, 10.3408, 12.6598, 3.45554, 0.12179, -0.364725, -0.053024, 0.248686, 64.2672, -4.55154, -16.912, -1.11455, 1.66409, -0.0413852, 
0.75, 0, -0.0384093, 0.56074, 0.0838862, 0.573428, 0.513932, 0.174958, 0.528411, 0.84389, 0.176759, 10.3408, 12.6598, 3.45554, 0.12179, -0.364725, -0.053024, 0.248686, 64.2672, -4.55154, -16.912, -1.11455, 1.66409, -0.0413852, 
0.75, 0, -0.0384093, 0.56074, 0.0838862, 0.573428, 0.513932, 0.174958, 0.528422, 0.843884, 0.176761, 10.3408, 12.6598, 3.45554, 0.12179, -0.364725, -0.053024, 0.248686, 64.2672, -4.55154, -16.912, -1.11455, 1.66409, -0.0413852, 
0.75, 0, -0.0384093, 0.56074, 0.0838862, 0.573428, 0.513932, 0.174958, 0.528425, 0.84388, 0.176765, 10.3408, 12.6598, 3.45554, 0.12179, -0.364725, -0.053024, 0.248686, 64.2672, -4.55154, -16.912, -1.11455, 1.66409, -0.0413852, 
0.75, 0, -0.0384093, 0.56074, 0.0838862, 0.573428, 0.513932, 0.174958, 0.528416, 0.843857, 0.176729, 10.3408, 12.6598, 3.45554, 0.12179, -0.364725, -0.053024, 0.248686, 64.2672, -4.55154, -16.912, -1.11455, 1.66409, -0.0413852, 
0.75, 0, -0.0384093, 0.56074, 0.0838862, 0.573428, 0.513932, 0.174958, 0.528419, 0.843846, 0.176725, 10.3408, 12.6598, 3.45554, 0.12179, -0.364725, -0.053024, 0.248686, 64.2672, -4.55154, -16.912, -1.11455, 1.66409, -0.0413852, 
0.75, 0, -0.0384093, 0.56074, 0.0838862, 0.573428, 0.513932, 0.174958, 0.528409, 0.843852, 0.176732, 10.3408, 12.6598, 3.45554, 0.12179, -0.364725, -0.053024, 0.248686, 64.2672, -4.55154, -16.912, -1.11455, 1.66409, -0.0413852, 
0.75, 0, -0.0384093, 0.56074, 0.0838862, 0.573428, 0.513932, 0.174958, 0.528417, 0.843856, 0.176734, 10.3408, 12.6598, 3.45554, 0.12179, -0.364725, -0.053024, 0.248686, 64.2672, -4.55154, -16.912, -1.11455, 1.66409, -0.0413852, 
0.75, 0, -0.0384093, 0.56074, 0.0838862, 0.573428, 0.513932, 0.174958, 0.528433, 0.843879, 0.176738, 10.3408, 12.6598, 3.45554, 0.12179, -0.364725, -0.053024, 0.248686, 64.2672, -4.55154, -16.912, -1.11455, 1.66409, -0.0413852, 
0.75, 0, -0.0384093, 0.56074, 0.0838862, 0.573428, 0.513932, 0.174958, 0.528421, 0.843886, 0.176756, 10.3408, 12.6598, 3.45554, 0.12179, -0.364725, -0.053024, 0.248686, 64.2672, -4.55154, -16.912, -1.11455, 1.66409, -0.0413852, 
0.75, 0, -0.0384093, 0.56074, 0.0838862, 0.573428, 0.513932, 0.174958, 0.528343, 0.843863, 0.176715, 10.3408, 12.6598, 3.45554, 0.12179, -0.364725, -0.053024, 0.248686, 64.2672, -4.55154, -16.912, -1.11455, 1.66409, -0.0413852, 
0.75, 0, -0.0384093, 0.56074, 0.0838862, 0.573428, 0.513932, 0.174958, 0.528338, 0.843867, 0.176722, 10.3408, 12.6598, 3.45554, 0.12179, -0.364725, -0.053024, 0.248686, 64.2672, -4.55154, -16.912, -1.11455, 1.66409, -0.0413852, 
0.75, 0, -0.0384093, 0.56074, 0.0838862, 0.573428, 0.513932, 0.174958, 0.528329, 0.843853, 0.176705, 10.3408, 12.6598, 3.45554, 0.12179, -0.364725, -0.053024, 0.248686, 64.2672, -4.55154, -16.912, -1.11455, 1.66409, -0.0413852, 
0.75, 0, -0.0384093, 0.56074, 0.0838862, 0.573428, 0.513932, 0.174958, 0.528334, 0.843851, 0.176699, 10.3408, 12.6598, 3.45554, 0.12179, -0.364725, -0.053024, 0.248686, 64.2672, -4.55154, -16.912, -1.11455, 1.66409, -0.0413852, 
0.75, 0, -0.0384093, 0.56074, 0.0838862, 0.573428, 0.513932, 0.174958, 0.528339, 0.843839, 0.176692, 10.3408, 12.6598, 3.45554, 0.12179, -0.364725, -0.053024, 0.248686, 64.2672, -4.55154, -16.912, -1.11455, 1.66409, -0.0413852, 
0.75, 0, -0.0384093, 0.56074, 0.0838862, 0.573428, 0.513932, 0.174958, 0.528342, 0.84384, 0.176689, 10.3408, 12.6598, 3.45554, 0.12179, -0.364725, -0.053024, 0.248686, 64.2672, -4.55154, -16.912, -1.11455, 1.66409, -0.0413852, 
0.75, 0, -0.0384093, 0.56074, 0.0838862, 0.573428, 0.513932, 0.174958, 0.528336, 0.843853, 0.176705, 10.3408, 12.6598, 3.45554, 0.12179, -0.364725, -0.053024, 0.248686, 64.2672, -4.55154, -16.912, -1.11455, 1.66409, -0.0413852, 
0.75, 0, -0.0384093, 0.56074, 0.0838862, 0.573428, 0.513932, 0.174958, 0.528349, 0.843864, 0.176725, 10.3408, 12.6598, 3.45554, 0.12179, -0.364725, -0.053024, 0.248686, 64.2672, -4.55154, -16.912, -1.11455, 1.66409, -0.0413852, 
0.75, 0, -0.0384093, 0.56074, 0.0838862, 0.573428, 0.513932, 0.174958, 0.528334, 0.843868, 0.176729, 10.3408, 12.6598, 3.45554, 0.12179, -0.364725, -0.053024, 0.248686, 64.2672, -4.55154, -16.912, -1.11455, 1.66409, -0.0413852, 
0.75, 0, -0.0384093, 0.56074, 0.0838862, 0.573428, 0.513932, 0.174958, 0.528338, 0.843868, 0.176713, 10.3408, 12.6598, 3.45554, 0.12179, -0.364725, -0.053024, 0.248686, 64.2672, -4.55154, -16.912, -1.11455, 1.66409, -0.0413852, 
0.75, 0, -0.0384093, 0.56074, 0.0838862, 0.573428, 0.513932, 0.174958, 0.528337, 0.843872, 0.176716, 10.3408, 12.6598, 3.45554, 0.12179, -0.364725, -0.053024, 0.248686, 64.2672, -4.55154, -16.912, -1.11455, 1.66409, -0.0413852, 
0.75, 0, -0.0384093, 0.56074, 0.0838862, 0.573428, 0.513932, 0.174958, 0.528334, 0.843856, 0.176714, 10.3408, 12.6598, 3.45554, 0.12179, -0.364725, -0.053024, 0.248686, 64.2672, -4.55154, -16.912, -1.11455, 1.66409, -0.0413852, 
0.75, 0, -0.0384093, 0.56074, 0.0838862, 0.573428, 0.513932, 0.174958, 0.528334, 0.843849, 0.176703, 10.3408, 12.6598, 3.45554, 0.12179, -0.364725, -0.053024, 0.248686, 64.2672, -4.55154, -16.912, -1.11455, 1.66409, -0.0413852, 
0.75, 0, -0.0384093, 0.56074, 0.0838862, 0.573428, 0.513932, 0.174958, 0.528331, 0.843848, 0.176702, 10.3408, 12.6598, 3.45554, 0.12179, -0.364725, -0.053024, 0.248686, 64.2672, -4.55154, -16.912, -1.11455, 1.66409, -0.0413852, 
0.75, 0, -0.0384093, 0.56074, 0.0838862, 0.573428, 0.513932, 0.174958, 0.528361, 0.843871, 0.176687, 10.3408, 12.6598, 3.45554, 0.12179, -0.364725, -0.053024, 0.248686, 64.2672, -4.55154, -16.912, -1.11455, 1.66409, -0.0413852, 
0.75, 0, -0.0384093, 0.56074, 0.0838862, 0.573428, 0.513932, 0.174958, 0.52834, 0.843865, 0.176708, 10.3408, 12.6598, 3.45554, 0.12179, -0.364725, -0.053024, 0.248686, 64.2672, -4.55154, -16.912, -1.11455, 1.66409, -0.0413852, 
0.75, 0, -0.0384093, 0.56074, 0.0838862, 0.573428, 0.513932, 0.174958, 0.528334, 0.843873, 0.176715, 10.3408, 12.6598, 3.45554, 0.12179, -0.364725, -0.053024, 0.248686, 64.2672, -4.55154, -16.912, -1.11455, 1.66409, -0.0413852, 
0.75, 0, -0.0384093, 0.56074, 0.0838862, 0.573428, 0.513932, 0.174958, 0.528144, 0.843878, 0.17733, 10.3408, 12.6598, 3.45554, 0.12179, -0.364725, -0.053024, 0.248686, 64.2672, -4.55154, -16.912, -1.11455, 1.66409, -0.0413852, 
0.75, 0, -0.0384093, 0.56074, 0.0838862, 0.573428, 0.513932, 0.174958, 0.528139, 0.843898, 0.177327, 10.3408, 12.6598, 3.45554, 0.12179, -0.364725, -0.053024, 0.248686, 64.2672, -4.55154, -16.912, -1.11455, 1.66409, -0.0413852, 
0.75, 0, -0.0384093, 0.56074, 0.0838862, 0.573428, 0.513932, 0.174958, 0.528124, 0.843915, 0.177293, 10.3408, 12.6598, 3.45554, 0.12179, -0.364725, -0.053024, 0.248686, 64.2672, -4.55154, -16.912, -1.11455, 1.66409, -0.0413852, 
0.75, 0, -0.0384093, 0.56074, 0.0838862, 0.573428, 0.513932, 0.174958, 0.528116, 0.84392, 0.177269, 10.3408, 12.6598, 3.45554, 0.12179, -0.364725, -0.053024, 0.248686, 64.2672, -4.55154, -16.912, -1.11455, 1.66409, -0.0413852, 
0.75, 0, -0.0384093, 0.56074, 0.0838862, 0.573428, 0.513932, 0.174958, 0.528098, 0.843938, 0.177238, 10.3408, 12.6598, 3.45554, 0.12179, -0.364725, -0.053024, 0.248686, 64.2672, -4.55154, -16.912, -1.11455, 1.66409, -0.0413852, 
0.75, 0, -0.0384093, 0.56074, 0.0838862, 0.573428, 0.513932, 0.174958, 0.528104, 0.843947, 0.177218, 10.3408, 12.6598, 3.45554, 0.12179, -0.364725, -0.053024, 0.248686, 64.2672, -4.55154, -16.912, -1.11455, 1.66409, -0.0413852, 
0.75, 0, -0.0384093, 0.56074, 0.0838862, 0.573428, 0.513932, 0.174958, 0.528093, 0.843971, 0.177215, 10.3408, 12.6598, 3.45554, 0.12179, -0.364725, -0.053024, 0.248686, 64.2672, -4.55154, -16.912, -1.11455, 1.66409, -0.0413852, 
0.75, 0, -0.0384093, 0.56074, 0.0838862, 0.573428, 0.513932, 0.174958, 0.528095, 0.843977, 0.177211, 10.3408, 12.6598, 3.45554, 0.12179, -0.364725, -0.053024, 0.248686, 64.2672, -4.55154, -16.912, -1.11455, 1.66409, -0.0413852, 
0.75, 0, -0.0384093, 0.56074, 0.0838862, 0.573428, 0.513932, 0.174958, 0.528099, 0.843988, 0.177212, 10.3408, 12.6598, 3.45554, 0.12179, -0.364725, -0.053024, 0.248686, 64.2672, -4.55154, -16.912, -1.11455, 1.66409, -0.0413852, 
0.75, 0, -0.0384093, 0.56074, 0.0838862, 0.573428, 0.513932, 0.174958, 0.528171, 0.844145, 0.177291, 10.3408, 12.6598, 3.45554, 0.12179, -0.364725, -0.053024, 0.248686, 64.2672, -4.55154, -16.912, -1.11455, 1.66409, -0.0413852, 
0.75, 0, -0.0384093, 0.56074, 0.0838862, 0.573428, 0.513932, 0.174958, 0.528091, 0.843986, 0.177211, 10.3408, 12.6598, 3.45554, 0.12179, -0.364725, -0.053024, 0.248686, 64.2672, -4.55154, -16.912, -1.11455, 1.66409, -0.0413852, 
0.75, 0, -0.0384093, 0.56074, 0.0838862, 0.573428, 0.513932, 0.174958, 0.528102, 0.843992, 0.177198, 10.3408, 12.6598, 3.45554, 0.12179, -0.364725, -0.053024, 0.248686, 64.2672, -4.55154, -16.912, -1.11455, 1.66409, -0.0413852, 
0.75, 0, -0.0384093, 0.56074, 0.0838862, 0.573428, 0.513932, 0.174958, 0.52811, 0.843994, 0.177192, 10.3408, 12.6598, 3.45554, 0.12179, -0.364725, -0.053024, 0.248686, 64.2672, -4.55154, -16.912, -1.11455, 1.66409, -0.0413852, 
0.75, 0, -0.0384093, 0.56074, 0.0838862, 0.573428, 0.513932, 0.174958, 0.528102, 0.843981, 0.177182, 10.3408, 12.6598, 3.45554, 0.12179, -0.364725, -0.053024, 0.248686, 64.2672, -4.55154, -16.912, -1.11455, 1.66409, -0.0413852, 
0.75, 0, -0.0384093, 0.56074, 0.0838862, 0.573428, 0.513932, 0.174958, 0.528102, 0.843981, 0.177182, 10.3408, 12.6598, 3.45554, 0.12179, -0.364725, -0.053024, 0.248686, 64.2672, -4.55154, -16.912, -1.11455, 1.66409, -0.0413852, 
0.75, 0, -0.0384093, 0.56074, 0.0838862, 0.573428, 0.513932, 0.174958, 0.528102, 0.843981, 0.177182, 10.3408, 12.6598, 3.45554, 0.12179, -0.364725, -0.053024, 0.248686, 64.2672, -4.55154, -16.912, -1.11455, 1.66409, -0.0413852, 
0.75, 0, -0.0384093, 0.56074, 0.0838862, 0.573428, 0.513932, 0.174958, 0.528102, 0.843981, 0.177182, 10.3408, 12.6598, 3.45554, 0.12179, -0.364725, -0.053024, 0.248686, 64.2672, -4.55154, -16.912, -1.11455, 1.66409, -0.0413852, 
0.75, 0, -0.0384093, 0.56074, 0.0838862, 0.573428, 0.513932, 0.174958, 0.528102, 0.843981, 0.177182, 10.3408, 12.6598, 3.45554, 0.12179, -0.364725, -0.053024, 0.248686, 64.2672, -4.55154, -16.912, -1.11455, 1.66409, -0.0413852, 
0.75, 0, -0.0384093, 0.56074, 0.0838862, 0.573428, 0.513932, 0.174958, 0.528102, 0.843981, 0.177182, 10.3408, 12.6598, 3.45554, 0.12179, -0.364725, -0.053024, 0.248686, 64.2672, -4.55154, -16.912, -1.11455, 1.66409, -0.0413852, 
0.75, 0, -0.0384093, 0.56074, 0.0838862, 0.573428, 0.513932, 0.174958, 0.528102, 0.843981, 0.177182, 10.3408, 12.6598, 3.45554, 0.12179, -0.364725, -0.053024, 0.248686, 64.2672, -4.55154, -16.912, -1.11455, 1.66409, -0.0413852, 
0.75, 0, -0.0384093, 0.56074, 0.0838862, 0.573428, 0.513932, 0.174958, 0.528102, 0.843981, 0.177182, 10.3408, 12.6598, 3.45554, 0.12179, -0.364725, -0.053024, 0.248686, 64.2672, -4.55154, -16.912, -1.11455, 1.66409, -0.0413852, 
