2.5, -0.4, 6.9528e-310, 6.9528e-310, 6.9528e-310, 0.531443, 0.521501, 0.155398, 0.531443, 0.521501, 0.155398, 2.96439e-322, 6.92105e-310, 1.97626e-323, 6.92105e-310, 1.03754e-322, 4.68409e-310, 0, 0, 1.76533e-19, 3.40798e+160, 1.4889e+195, 1.69084e-307, 0, 
2.5, -0.4, 6.9528e-310, 6.9528e-310, 6.9528e-310, 0.531443, 0.521501, 0.155398, 0.530782, 0.521732, 0.156531, 2.96439e-322, 6.92105e-310, 1.97626e-323, 6.92105e-310, 1.03754e-322, 4.68409e-310, 0, 0, 1.76533e-19, 3.40798e+160, 1.4889e+195, 1.69084e-307, 0, 
2.5, -0.4, 6.9528e-310, 6.9528e-310, 6.9528e-310, 0.531443, 0.521501, 0.155398, 0.530776, 0.521742, 0.156516, 2.96439e-322, 6.92105e-310, 1.97626e-323, 6.92105e-310, 1.03754e-322, 4.68409e-310, 0, 0, 1.76533e-19, 3.40798e+160, 1.4889e+195, 1.69084e-307, 0, 
2.5, -0.4, 6.9528e-310, 6.9528e-310, 6.9528e-310, 0.531443, 0.521501, 0.155398, 0.530779, 0.521738, 0.156508, 2.96439e-322, 6.92105e-310, 1.97626e-323, 6.92105e-310, 1.03754e-322, 4.68409e-310, 0, 0, 1.76533e-19, 3.40798e+160, 1.4889e+195, 1.69084e-307, 0, 
2.5, -0.4, 6.9528e-310, 6.9528e-310, 6.9528e-310, 0.531443, 0.521501, 0.155398, 0.530985, 0.521704, 0.155765, 2.96439e-322, 6.92105e-310, 1.97626e-323, 6.92105e-310, 1.03754e-322, 4.68409e-310, 0, 0, 1.76533e-19, 3.40798e+160, 1.4889e+195, 1.69084e-307, 0, 
2.5, -0.4, 6.9528e-310, 6.9528e-310, 6.9528e-310, 0.531443, 0.521501, 0.155398, 0.530973, 0.521711, 0.155765, 2.96439e-322, 6.92105e-310, 1.97626e-323, 6.92105e-310, 1.03754e-322, 4.68409e-310, 0, 0, 1.76533e-19, 3.40798e+160, 1.4889e+195, 1.69084e-307, 0, 
2.5, -0.4, 6.9528e-310, 6.9528e-310, 6.9528e-310, 0.531443, 0.521501, 0.155398, 0.530805, 0.52179, 0.156391, 2.96439e-322, 6.92105e-310, 1.97626e-323, 6.92105e-310, 1.03754e-322, 4.68409e-310, 0, 0, 1.76533e-19, 3.40798e+160, 1.4889e+195, 1.69084e-307, 0, 
2.5, -0.4, 6.9528e-310, 6.9528e-310, 6.9528e-310, 0.531443, 0.521501, 0.155398, 0.530781, 0.521896, 0.156547, 2.96439e-322, 6.92105e-310, 1.97626e-323, 6.92105e-310, 1.03754e-322, 4.68409e-310, 0, 0, 1.76533e-19, 3.40798e+160, 1.4889e+195, 1.69084e-307, 0, 
2.5, -0.4, 6.9528e-310, 6.9528e-310, 6.9528e-310, 0.531443, 0.521501, 0.155398, 0.530771, 0.521913, 0.156545, 2.96439e-322, 6.92105e-310, 1.97626e-323, 6.92105e-310, 1.03754e-322, 4.68409e-310, 0, 0, 1.76533e-19, 3.40798e+160, 1.4889e+195, 1.69084e-307, 0, 
2.5, -0.4, 6.9528e-310, 6.9528e-310, 6.9528e-310, 0.531443, 0.521501, 0.155398, 0.530831, 0.521827, 0.156382, 2.96439e-322, 6.92105e-310, 1.97626e-323, 6.92105e-310, 1.03754e-322, 4.68409e-310, 0, 0, 1.76533e-19, 3.40798e+160, 1.4889e+195, 1.69084e-307, 0, 
2.5, -0.4, 6.9528e-310, 6.9528e-310, 6.9528e-310, 0.531443, 0.521501, 0.155398, 0.530961, 0.521716, 0.156423, 2.96439e-322, 6.92105e-310, 1.97626e-323, 6.92105e-310, 1.03754e-322, 4.68409e-310, 0, 0, 1.76533e-19, 3.40798e+160, 1.4889e+195, 1.69084e-307, 0, 
2.5, -0.4, 6.9528e-310, 6.9528e-310, 6.9528e-310, 0.531443, 0.521501, 0.155398, 0.530989, 0.52171, 0.156406, 2.96439e-322, 6.92105e-310, 1.97626e-323, 6.92105e-310, 1.03754e-322, 4.68409e-310, 0, 0, 1.76533e-19, 3.40798e+160, 1.4889e+195, 1.69084e-307, 0, 
2.5, -0.4, 6.9528e-310, 6.9528e-310, 6.9528e-310, 0.531443, 0.521501, 0.155398, 0.531088, 0.521752, 0.155623, 2.96439e-322, 6.92105e-310, 1.97626e-323, 6.92105e-310, 1.03754e-322, 4.68409e-310, 0, 0, 1.76533e-19, 3.40798e+160, 1.4889e+195, 1.69084e-307, 0, 
2.5, -0.4, 6.9528e-310, 6.9528e-310, 6.9528e-310, 0.531443, 0.521501, 0.155398, 0.531007, 0.521762, 0.155753, 2.96439e-322, 6.92105e-310, 1.97626e-323, 6.92105e-310, 1.03754e-322, 4.68409e-310, 0, 0, 1.76533e-19, 3.40798e+160, 1.4889e+195, 1.69084e-307, 0, 
2.5, -0.4, 6.9528e-310, 6.9528e-310, 6.9528e-310, 0.531443, 0.521501, 0.155398, 0.530954, 0.521702, 0.155653, 2.96439e-322, 6.92105e-310, 1.97626e-323, 6.92105e-310, 1.03754e-322, 4.68409e-310, 0, 0, 1.76533e-19, 3.40798e+160, 1.4889e+195, 1.69084e-307, 0, 
2.5, -0.4, 6.9528e-310, 6.9528e-310, 6.9528e-310, 0.531443, 0.521501, 0.155398, 0.53086, 0.521752, 0.15579, 2.96439e-322, 6.92105e-310, 1.97626e-323, 6.92105e-310, 1.03754e-322, 4.68409e-310, 0, 0, 1.76533e-19, 3.40798e+160, 1.4889e+195, 1.69084e-307, 0, 
2.5, -0.4, 6.9528e-310, 6.9528e-310, 6.9528e-310, 0.531443, 0.521501, 0.155398, 0.53088, 0.521768, 0.155794, 2.96439e-322, 6.92105e-310, 1.97626e-323, 6.92105e-310, 1.03754e-322, 4.68409e-310, 0, 0, 1.76533e-19, 3.40798e+160, 1.4889e+195, 1.69084e-307, 0, 
2.5, -0.4, 6.9528e-310, 6.9528e-310, 6.9528e-310, 0.531443, 0.521501, 0.155398, 0.531085, 0.521732, 0.155636, 2.96439e-322, 6.92105e-310, 1.97626e-323, 6.92105e-310, 1.03754e-322, 4.68409e-310, 0, 0, 1.76533e-19, 3.40798e+160, 1.4889e+195, 1.69084e-307, 0, 
2.5, -0.4, 6.9528e-310, 6.9528e-310, 6.9528e-310, 0.531443, 0.521501, 0.155398, 0.531062, 0.521754, 0.155582, 2.96439e-322, 6.92105e-310, 1.97626e-323, 6.92105e-310, 1.03754e-322, 4.68409e-310, 0, 0, 1.76533e-19, 3.40798e+160, 1.4889e+195, 1.69084e-307, 0, 
2.5, -0.4, 6.9528e-310, 6.9528e-310, 6.9528e-310, 0.531443, 0.521501, 0.155398, 0.531118, 0.521737, 0.155602, 2.96439e-322, 6.92105e-310, 1.97626e-323, 6.92105e-310, 1.03754e-322, 4.68409e-310, 0, 0, 1.76533e-19, 3.40798e+160, 1.4889e+195, 1.69084e-307, 0, 
2.5, -0.4, 6.9528e-310, 6.9528e-310, 6.9528e-310, 0.531443, 0.521501, 0.155398, 0.530918, 0.521728, 0.15635, 2.96439e-322, 6.92105e-310, 1.97626e-323, 6.92105e-310, 1.03754e-322, 4.68409e-310, 0, 0, 1.76533e-19, 3.40798e+160, 1.4889e+195, 1.69084e-307, 0, 
2.5, -0.4, 6.9528e-310, 6.9528e-310, 6.9528e-310, 0.531443, 0.521501, 0.155398, 0.530852, 0.521765, 0.156376, 2.96439e-322, 6.92105e-310, 1.97626e-323, 6.92105e-310, 1.03754e-322, 4.68409e-310, 0, 0, 1.76533e-19, 3.40798e+160, 1.4889e+195, 1.69084e-307, 0, 
2.5, -0.4, 6.9528e-310, 6.9528e-310, 6.9528e-310, 0.531443, 0.521501, 0.155398, 0.530813, 0.521772, 0.156393, 2.96439e-322, 6.92105e-310, 1.97626e-323, 6.92105e-310, 1.03754e-322, 4.68409e-310, 0, 0, 1.76533e-19, 3.40798e+160, 1.4889e+195, 1.69084e-307, 0, 
2.5, -0.4, 6.9528e-310, 6.9528e-310, 6.9528e-310, 0.531443, 0.521501, 0.155398, 0.53198, 0.521737, 0.155328, 2.96439e-322, 6.92105e-310, 1.97626e-323, 6.92105e-310, 1.03754e-322, 4.68409e-310, 0, 0, 1.76533e-19, 3.40798e+160, 1.4889e+195, 1.69084e-307, 0, 
2.5, -0.4, 6.9528e-310, 6.9528e-310, 6.9528e-310, 0.531443, 0.521501, 0.155398, 0.531887, 0.521681, 0.155263, 2.96439e-322, 6.92105e-310, 1.97626e-323, 6.92105e-310, 1.03754e-322, 4.68409e-310, 0, 0, 1.76533e-19, 3.40798e+160, 1.4889e+195, 1.69084e-307, 0, 
2.5, -0.4, 6.9528e-310, 6.9528e-310, 6.9528e-310, 0.531443, 0.521501, 0.155398, 0.531901, 0.521665, 0.15528, 2.96439e-322, 6.92105e-310, 1.97626e-323, 6.92105e-310, 1.03754e-322, 4.68409e-310, 0, 0, 1.76533e-19, 3.40798e+160, 1.4889e+195, 1.69084e-307, 0, 
2.5, -0.4, 6.9528e-310, 6.9528e-310, 6.9528e-310, 0.531443, 0.521501, 0.155398, 0.531973, 0.521602, 0.155116, 2.96439e-322, 6.92105e-310, 1.97626e-323, 6.92105e-310, 1.03754e-322, 4.68409e-310, 0, 0, 1.76533e-19, 3.40798e+160, 1.4889e+195, 1.69084e-307, 0, 
2.5, -0.4, 6.9528e-310, 6.9528e-310, 6.9528e-310, 0.531443, 0.521501, 0.155398, 0.531987, 0.52163, 0.155085, 2.96439e-322, 6.92105e-310, 1.97626e-323, 6.92105e-310, 1.03754e-322, 4.68409e-310, 0, 0, 1.76533e-19, 3.40798e+160, 1.4889e+195, 1.69084e-307, 0, 
2.5, -0.4, 6.9528e-310, 6.9528e-310, 6.9528e-310, 0.531443, 0.521501, 0.155398, 0.532003, 0.521622, 0.155095, 2.96439e-322, 6.92105e-310, 1.97626e-323, 6.92105e-310, 1.03754e-322, 4.68409e-310, 0, 0, 1.76533e-19, 3.40798e+160, 1.4889e+195, 1.69084e-307, 0, 
2.5, -0.4, 6.9528e-310, 6.9528e-310, 6.9528e-310, 0.531443, 0.521501, 0.155398, 0.53199, 0.521644, 0.155121, 2.96439e-322, 6.92105e-310, 1.97626e-323, 6.92105e-310, 1.03754e-322, 4.68409e-310, 0, 0, 1.76533e-19, 3.40798e+160, 1.4889e+195, 1.69084e-307, 0, 
2.5, -0.4, 6.9528e-310, 6.9528e-310, 6.9528e-310, 0.531443, 0.521501, 0.155398, 0.532017, 0.521583, 0.155033, 2.96439e-322, 6.92105e-310, 1.97626e-323, 6.92105e-310, 1.03754e-322, 4.68409e-310, 0, 0, 1.76533e-19, 3.40798e+160, 1.4889e+195, 1.69084e-307, 0, 
2.5, -0.4, 6.9528e-310, 6.9528e-310, 6.9528e-310, 0.531443, 0.521501, 0.155398, 0.532041, 0.521455, 0.154928, 2.96439e-322, 6.92105e-310, 1.97626e-323, 6.92105e-310, 1.03754e-322, 4.68409e-310, 0, 0, 1.76533e-19, 3.40798e+160, 1.4889e+195, 1.69084e-307, 0, 
2.5, -0.4, 6.9528e-310, 6.9528e-310, 6.9528e-310, 0.531443, 0.521501, 0.155398, 0.532049, 0.52141, 0.155128, 2.96439e-322, 6.92105e-310, 1.97626e-323, 6.92105e-310, 1.03754e-322, 4.68409e-310, 0, 0, 1.76533e-19, 3.40798e+160, 1.4889e+195, 1.69084e-307, 0, 
2.5, -0.4, 6.9528e-310, 6.9528e-310, 6.9528e-310, 0.531443, 0.521501, 0.155398, 0.531967, 0.521408, 0.155056, 2.96439e-322, 6.92105e-310, 1.97626e-323, 6.92105e-310, 1.03754e-322, 4.68409e-310, 0, 0, 1.76533e-19, 3.40798e+160, 1.4889e+195, 1.69084e-307, 0, 
2.5, -0.4, 6.9528e-310, 6.9528e-310, 6.9528e-310, 0.531443, 0.521501, 0.155398, 0.532007, 0.521458, 0.155128, 2.96439e-322, 6.92105e-310, 1.97626e-323, 6.92105e-310, 1.03754e-322, 4.68409e-310, 0, 0, 1.76533e-19, 3.40798e+160, 1.4889e+195, 1.69084e-307, 0, 
2.5, -0.4, 6.9528e-310, 6.9528e-310, 6.9528e-310, 0.531443, 0.521501, 0.155398, 0.531964, 0.521371, 0.15496, 2.96439e-322, 6.92105e-310, 1.97626e-323, 6.92105e-310, 1.03754e-322, 4.68409e-310, 0, 0, 1.76533e-19, 3.40798e+160, 1.4889e+195, 1.69084e-307, 0, 
2.5, -0.4, 6.9528e-310, 6.9528e-310, 6.9528e-310, 0.531443, 0.521501, 0.155398, 0.53092, 0.521601, 0.155612, 2.96439e-322, 6.92105e-310, 1.97626e-323, 6.92105e-310, 1.03754e-322, 4.68409e-310, 0, 0, 1.76533e-19, 3.40798e+160, 1.4889e+195, 1.69084e-307, 0, 
2.5, -0.4, 6.9528e-310, 6.9528e-310, 6.9528e-310, 0.531443, 0.521501, 0.155398, 0.53101, 0.52159, 0.155515, 2.96439e-322, 6.92105e-310, 1.97626e-323, 6.92105e-310, 1.03754e-322, 4.68409e-310, 0, 0, 1.76533e-19, 3.40798e+160, 1.4889e+195, 1.69084e-307, 0, 
2.5, -0.4, 6.9528e-310, 6.9528e-310, 6.9528e-310, 0.531443, 0.521501, 0.155398, 0.531092, 0.521615, 0.15551, 2.96439e-322, 6.92105e-310, 1.97626e-323, 6.92105e-310, 1.03754e-322, 4.68409e-310, 0, 0, 1.76533e-19, 3.40798e+160, 1.4889e+195, 1.69084e-307, 0, 
2.5, -0.4, 6.9528e-310, 6.9528e-310, 6.9528e-310, 0.531443, 0.521501, 0.155398, 0.531185, 0.521574, 0.155515, 2.96439e-322, 6.92105e-310, 1.97626e-323, 6.92105e-310, 1.03754e-322, 4.68409e-310, 0, 0, 1.76533e-19, 3.40798e+160, 1.4889e+195, 1.69084e-307, 0, 
2.5, -0.4, 6.9528e-310, 6.9528e-310, 6.9528e-310, 0.531443, 0.521501, 0.155398, 0.531241, 0.521534, 0.155466, 2.96439e-322, 6.92105e-310, 1.97626e-323, 6.92105e-310, 1.03754e-322, 4.68409e-310, 0, 0, 1.76533e-19, 3.40798e+160, 1.4889e+195, 1.69084e-307, 0, 
2.5, -0.4, 6.9528e-310, 6.9528e-310, 6.9528e-310, 0.531443, 0.521501, 0.155398, 0.531266, 0.521545, 0.155476, 2.96439e-322, 6.92105e-310, 1.97626e-323, 6.92105e-310, 1.03754e-322, 4.68409e-310, 0, 0, 1.76533e-19, 3.40798e+160, 1.4889e+195, 1.69084e-307, 0, 
2.5, -0.4, 6.9528e-310, 6.9528e-310, 6.9528e-310, 0.531443, 0.521501, 0.155398, 0.531235, 0.521536, 0.155458, 2.96439e-322, 6.92105e-310, 1.97626e-323, 6.92105e-310, 1.03754e-322, 4.68409e-310, 0, 0, 1.76533e-19, 3.40798e+160, 1.4889e+195, 1.69084e-307, 0, 
2.5, -0.4, 6.9528e-310, 6.9528e-310, 6.9528e-310, 0.531443, 0.521501, 0.155398, 0.53124, 0.521551, 0.155432, 2.96439e-322, 6.92105e-310, 1.97626e-323, 6.92105e-310, 1.03754e-322, 4.68409e-310, 0, 0, 1.76533e-19, 3.40798e+160, 1.4889e+195, 1.69084e-307, 0, 
2.5, -0.4, 6.9528e-310, 6.9528e-310, 6.9528e-310, 0.531443, 0.521501, 0.155398, 0.531356, 0.521559, 0.155426, 2.96439e-322, 6.92105e-310, 1.97626e-323, 6.92105e-310, 1.03754e-322, 4.68409e-310, 0, 0, 1.76533e-19, 3.40798e+160, 1.4889e+195, 1.69084e-307, 0, 
2.5, -0.4, 6.9528e-310, 6.9528e-310, 6.9528e-310, 0.531443, 0.521501, 0.155398, 0.531274, 0.521585, 0.155544, 2.96439e-322, 6.92105e-310, 1.97626e-323, 6.92105e-310, 1.03754e-322, 4.68409e-310, 0, 0, 1.76533e-19, 3.40798e+160, 1.4889e+195, 1.69084e-307, 0, 
2.5, -0.4, 6.9528e-310, 6.9528e-310, 6.9528e-310, 0.531443, 0.521501, 0.155398, 0.531214, 0.521528, 0.155493, 2.96439e-322, 6.92105e-310, 1.97626e-323, 6.92105e-310, 1.03754e-322, 4.68409e-310, 0, 0, 1.76533e-19, 3.40798e+160, 1.4889e+195, 1.69084e-307, 0, 
2.5, -0.4, 6.9528e-310, 6.9528e-310, 6.9528e-310, 0.531443, 0.521501, 0.155398, 0.531268, 0.521519, 0.155395, 2.96439e-322, 6.92105e-310, 1.97626e-323, 6.92105e-310, 1.03754e-322, 4.68409e-310, 0, 0, 1.76533e-19, 3.40798e+160, 1.4889e+195, 1.69084e-307, 0, 
2.5, -0.4, 6.9528e-310, 6.9528e-310, 6.9528e-310, 0.531443, 0.521501, 0.155398, 0.531427, 0.521481, 0.155352, 2.96439e-322, 6.92105e-310, 1.97626e-323, 6.92105e-310, 1.03754e-322, 4.68409e-310, 0, 0, 1.76533e-19, 3.40798e+160, 1.4889e+195, 1.69084e-307, 0, 
2.5, -0.4, 6.9528e-310, 6.9528e-310, 6.9528e-310, 0.531443, 0.521501, 0.155398, 0.531631, 0.521521, 0.155486, 2.96439e-322, 6.92105e-310, 1.97626e-323, 6.92105e-310, 1.03754e-322, 4.68409e-310, 0, 0, 1.76533e-19, 3.40798e+160, 1.4889e+195, 1.69084e-307, 0, 
2.5, -0.4, 6.9528e-310, 6.9528e-310, 6.9528e-310, 0.531443, 0.521501, 0.155398, 0.531613, 0.521543, 0.15546, 2.96439e-322, 6.92105e-310, 1.97626e-323, 6.92105e-310, 1.03754e-322, 4.68409e-310, 0, 0, 1.76533e-19, 3.40798e+160, 1.4889e+195, 1.69084e-307, 0, 
2.5, -0.4, 6.9528e-310, 6.9528e-310, 6.9528e-310, 0.531443, 0.521501, 0.155398, 0.531382, 0.52153, 0.155491, 2.96439e-322, 6.92105e-310, 1.97626e-323, 6.92105e-310, 1.03754e-322, 4.68409e-310, 0, 0, 1.76533e-19, 3.40798e+160, 1.4889e+195, 1.69084e-307, 0, 
2.5, -0.4, 6.9528e-310, 6.9528e-310, 6.9528e-310, 0.531443, 0.521501, 0.155398, 0.531301, 0.521452, 0.15537, 2.96439e-322, 6.92105e-310, 1.97626e-323, 6.92105e-310, 1.03754e-322, 4.68409e-310, 0, 0, 1.76533e-19, 3.40798e+160, 1.4889e+195, 1.69084e-307, 0, 
2.5, -0.4, 6.9528e-310, 6.9528e-310, 6.9528e-310, 0.531443, 0.521501, 0.155398, 0.531233, 0.521422, 0.15535, 2.96439e-322, 6.92105e-310, 1.97626e-323, 6.92105e-310, 1.03754e-322, 4.68409e-310, 0, 0, 1.76533e-19, 3.40798e+160, 1.4889e+195, 1.69084e-307, 0, 
2.5, -0.4, 6.9528e-310, 6.9528e-310, 6.9528e-310, 0.531443, 0.521501, 0.155398, 0.531188, 0.521403, 0.155385, 2.96439e-322, 6.92105e-310, 1.97626e-323, 6.92105e-310, 1.03754e-322, 4.68409e-310, 0, 0, 1.76533e-19, 3.40798e+160, 1.4889e+195, 1.69084e-307, 0, 
2.5, -0.4, 6.9528e-310, 6.9528e-310, 6.9528e-310, 0.531443, 0.521501, 0.155398, 0.531195, 0.521415, 0.155374, 2.96439e-322, 6.92105e-310, 1.97626e-323, 6.92105e-310, 1.03754e-322, 4.68409e-310, 0, 0, 1.76533e-19, 3.40798e+160, 1.4889e+195, 1.69084e-307, 0, 
2.5, -0.4, 6.9528e-310, 6.9528e-310, 6.9528e-310, 0.531443, 0.521501, 0.155398, 0.531288, 0.52138, 0.155358, 2.96439e-322, 6.92105e-310, 1.97626e-323, 6.92105e-310, 1.03754e-322, 4.68409e-310, 0, 0, 1.76533e-19, 3.40798e+160, 1.4889e+195, 1.69084e-307, 0, 
2.5, -0.4, 6.9528e-310, 6.9528e-310, 6.9528e-310, 0.531443, 0.521501, 0.155398, 0.531336, 0.521414, 0.155345, 2.96439e-322, 6.92105e-310, 1.97626e-323, 6.92105e-310, 1.03754e-322, 4.68409e-310, 0, 0, 1.76533e-19, 3.40798e+160, 1.4889e+195, 1.69084e-307, 0, 
2.5, -0.4, 6.9528e-310, 6.9528e-310, 6.9528e-310, 0.531443, 0.521501, 0.155398, 0.531481, 0.521496, 0.155471, 2.96439e-322, 6.92105e-310, 1.97626e-323, 6.92105e-310, 1.03754e-322, 4.68409e-310, 0, 0, 1.76533e-19, 3.40798e+160, 1.4889e+195, 1.69084e-307, 0, 
2.5, -0.4, 6.9528e-310, 6.9528e-310, 6.9528e-310, 0.531443, 0.521501, 0.155398, 0.531364, 0.521448, 0.155355, 2.96439e-322, 6.92105e-310, 1.97626e-323, 6.92105e-310, 1.03754e-322, 4.68409e-310, 0, 0, 1.76533e-19, 3.40798e+160, 1.4889e+195, 1.69084e-307, 0, 
2.5, -0.4, 6.9528e-310, 6.9528e-310, 6.9528e-310, 0.531443, 0.521501, 0.155398, 0.531465, 0.521535, 0.155462, 2.96439e-322, 6.92105e-310, 1.97626e-323, 6.92105e-310, 1.03754e-322, 4.68409e-310, 0, 0, 1.76533e-19, 3.40798e+160, 1.4889e+195, 1.69084e-307, 0, 
2.5, -0.4, 6.9528e-310, 6.9528e-310, 6.9528e-310, 0.531443, 0.521501, 0.155398, 0.531327, 0.521483, 0.155365, 2.96439e-322, 6.92105e-310, 1.97626e-323, 6.92105e-310, 1.03754e-322, 4.68409e-310, 0, 0, 1.76533e-19, 3.40798e+160, 1.4889e+195, 1.69084e-307, 0, 
2.5, -0.4, 6.9528e-310, 6.9528e-310, 6.9528e-310, 0.531443, 0.521501, 0.155398, 0.531303, 0.521488, 0.155355, 2.96439e-322, 6.92105e-310, 1.97626e-323, 6.92105e-310, 1.03754e-322, 4.68409e-310, 0, 0, 1.76533e-19, 3.40798e+160, 1.4889e+195, 1.69084e-307, 0, 
2.5, -0.4, 6.9528e-310, 6.9528e-310, 6.9528e-310, 0.531443, 0.521501, 0.155398, 0.531917, 0.52174, 0.155533, 2.96439e-322, 6.92105e-310, 1.97626e-323, 6.92105e-310, 1.03754e-322, 4.68409e-310, 0, 0, 1.76533e-19, 3.40798e+160, 1.4889e+195, 1.69084e-307, 0, 
2.5, -0.4, 6.9528e-310, 6.9528e-310, 6.9528e-310, 0.531443, 0.521501, 0.155398, 0.536703, 0.526147, 0.15467, 2.96439e-322, 6.92105e-310, 1.97626e-323, 6.92105e-310, 1.03754e-322, 4.68409e-310, 0, 0, 1.76533e-19, 3.40798e+160, 1.4889e+195, 1.69084e-307, 0, 
2.5, -0.4, 6.9528e-310, 6.9528e-310, 6.9528e-310, 0.531443, 0.521501, 0.155398, 0.547294, 0.538602, 0.155862, 2.96439e-322, 6.92105e-310, 1.97626e-323, 6.92105e-310, 1.03754e-322, 4.68409e-310, 0, 0, 1.76533e-19, 3.40798e+160, 1.4889e+195, 1.69084e-307, 0, 
2.5, -0.4, 6.9528e-310, 6.9528e-310, 6.9528e-310, 0.531443, 0.521501, 0.155398, 0.555222, 0.544188, 0.157215, 2.96439e-322, 6.92105e-310, 1.97626e-323, 6.92105e-310, 1.03754e-322, 4.68409e-310, 0, 0, 1.76533e-19, 3.40798e+160, 1.4889e+195, 1.69084e-307, 0, 
2.5, -0.4, 6.9528e-310, 6.9528e-310, 6.9528e-310, 0.531443, 0.521501, 0.155398, 0.564993, 0.554537, 0.158378, 2.96439e-322, 6.92105e-310, 1.97626e-323, 6.92105e-310, 1.03754e-322, 4.68409e-310, 0, 0, 1.76533e-19, 3.40798e+160, 1.4889e+195, 1.69084e-307, 0, 
2.5, -0.4, 6.9528e-310, 6.9528e-310, 6.9528e-310, 0.531443, 0.521501, 0.155398, 0.570951, 0.561002, 0.157884, 2.96439e-322, 6.92105e-310, 1.97626e-323, 6.92105e-310, 1.03754e-322, 4.68409e-310, 0, 0, 1.76533e-19, 3.40798e+160, 1.4889e+195, 1.69084e-307, 0, 
2.5, -0.4, 6.9528e-310, 6.9528e-310, 6.9528e-310, 0.531443, 0.521501, 0.155398, 0.579643, 0.57034, 0.158082, 2.96439e-322, 6.92105e-310, 1.97626e-323, 6.92105e-310, 1.03754e-322, 4.68409e-310, 0, 0, 1.76533e-19, 3.40798e+160, 1.4889e+195, 1.69084e-307, 0, 
2.5, -0.4, 6.9528e-310, 6.9528e-310, 6.9528e-310, 0.531443, 0.521501, 0.155398, 0.584563, 0.576779, 0.157455, 2.96439e-322, 6.92105e-310, 1.97626e-323, 6.92105e-310, 1.03754e-322, 4.68409e-310, 0, 0, 1.76533e-19, 3.40798e+160, 1.4889e+195, 1.69084e-307, 0, 
2.5, -0.4, 6.9528e-310, 6.9528e-310, 6.9528e-310, 0.531443, 0.521501, 0.155398, 0.592253, 0.586379, 0.15662, 2.96439e-322, 6.92105e-310, 1.97626e-323, 6.92105e-310, 1.03754e-322, 4.68409e-310, 0, 0, 1.76533e-19, 3.40798e+160, 1.4889e+195, 1.69084e-307, 0, 
2.5, -0.4, 6.9528e-310, 6.9528e-310, 6.9528e-310, 0.531443, 0.521501, 0.155398, 0.597391, 0.592482, 0.156272, 2.96439e-322, 6.92105e-310, 1.97626e-323, 6.92105e-310, 1.03754e-322, 4.68409e-310, 0, 0, 1.76533e-19, 3.40798e+160, 1.4889e+195, 1.69084e-307, 0, 
2.5, -0.4, 6.9528e-310, 6.9528e-310, 6.9528e-310, 0.531443, 0.521501, 0.155398, 0.604428, 0.601005, 0.156394, 2.96439e-322, 6.92105e-310, 1.97626e-323, 6.92105e-310, 1.03754e-322, 4.68409e-310, 0, 0, 1.76533e-19, 3.40798e+160, 1.4889e+195, 1.69084e-307, 0, 
2.5, -0.4, 6.9528e-310, 6.9528e-310, 6.9528e-310, 0.531443, 0.521501, 0.155398, 0.609571, 0.606801, 0.156058, 2.96439e-322, 6.92105e-310, 1.97626e-323, 6.92105e-310, 1.03754e-322, 4.68409e-310, 0, 0, 1.76533e-19, 3.40798e+160, 1.4889e+195, 1.69084e-307, 0, 
2.5, -0.4, 6.9528e-310, 6.9528e-310, 6.9528e-310, 0.531443, 0.521501, 0.155398, 0.617581, 0.615671, 0.156661, 2.96439e-322, 6.92105e-310, 1.97626e-323, 6.92105e-310, 1.03754e-322, 4.68409e-310, 0, 0, 1.76533e-19, 3.40798e+160, 1.4889e+195, 1.69084e-307, 0, 
2.5, -0.4, 6.9528e-310, 6.9528e-310, 6.9528e-310, 0.531443, 0.521501, 0.155398, 0.622751, 0.620984, 0.156634, 2.96439e-322, 6.92105e-310, 1.97626e-323, 6.92105e-310, 1.03754e-322, 4.68409e-310, 0, 0, 1.76533e-19, 3.40798e+160, 1.4889e+195, 1.69084e-307, 0, 
2.5, -0.4, 6.9528e-310, 6.9528e-310, 6.9528e-310, 0.531443, 0.521501, 0.155398, 0.630685, 0.629217, 0.156332, 2.96439e-322, 6.92105e-310, 1.97626e-323, 6.92105e-310, 1.03754e-322, 4.68409e-310, 0, 0, 1.76533e-19, 3.40798e+160, 1.4889e+195, 1.69084e-307, 0, 
2.5, -0.4, 6.9528e-310, 6.9528e-310, 6.9528e-310, 0.531443, 0.521501, 0.155398, 0.636202, 0.634837, 0.156705, 2.96439e-322, 6.92105e-310, 1.97626e-323, 6.92105e-310, 1.03754e-322, 4.68409e-310, 0, 0, 1.76533e-19, 3.40798e+160, 1.4889e+195, 1.69084e-307, 0, 
2.5, -0.4, 6.9528e-310, 6.9528e-310, 6.9528e-310, 0.531443, 0.521501, 0.155398, 0.64384, 0.642629, 0.157236, 2.96439e-322, 6.92105e-310, 1.97626e-323, 6.92105e-310, 1.03754e-322, 4.68409e-310, 0, 0, 1.76533e-19, 3.40798e+160, 1.4889e+195, 1.69084e-307, 0, 
2.5, -0.4, 6.9528e-310, 6.9528e-310, 6.9528e-310, 0.531443, 0.521501, 0.155398, 0.648756, 0.647672, 0.157042, 2.96439e-322, 6.92105e-310, 1.97626e-323, 6.92105e-310, 1.03754e-322, 4.68409e-310, 0, 0, 1.76533e-19, 3.40798e+160, 1.4889e+195, 1.69084e-307, 0, 
2.5, -0.4, 6.9528e-310, 6.9528e-310, 6.9528e-310, 0.531443, 0.521501, 0.155398, 0.655462, 0.654768, 0.157407, 2.96439e-322, 6.92105e-310, 1.97626e-323, 6.92105e-310, 1.03754e-322, 4.68409e-310, 0, 0, 1.76533e-19, 3.40798e+160, 1.4889e+195, 1.69084e-307, 0, 
2.5, -0.4, 6.9528e-310, 6.9528e-310, 6.9528e-310, 0.531443, 0.521501, 0.155398, 0.659645, 0.659479, 0.157211, 2.96439e-322, 6.92105e-310, 1.97626e-323, 6.92105e-310, 1.03754e-322, 4.68409e-310, 0, 0, 1.76533e-19, 3.40798e+160, 1.4889e+195, 1.69084e-307, 0, 
2.5, -0.4, 6.9528e-310, 6.9528e-310, 6.9528e-310, 0.531443, 0.521501, 0.155398, 0.665391, 0.666392, 0.157366, 2.96439e-322, 6.92105e-310, 1.97626e-323, 6.92105e-310, 1.03754e-322, 4.68409e-310, 0, 0, 1.76533e-19, 3.40798e+160, 1.4889e+195, 1.69084e-307, 0, 
2.5, -0.4, 6.9528e-310, 6.9528e-310, 6.9528e-310, 0.531443, 0.521501, 0.155398, 0.669448, 0.670712, 0.157, 2.96439e-322, 6.92105e-310, 1.97626e-323, 6.92105e-310, 1.03754e-322, 4.68409e-310, 0, 0, 1.76533e-19, 3.40798e+160, 1.4889e+195, 1.69084e-307, 0, 
2.5, -0.4, 6.9528e-310, 6.9528e-310, 6.9528e-310, 0.531443, 0.521501, 0.155398, 0.675359, 0.676908, 0.156968, 2.96439e-322, 6.92105e-310, 1.97626e-323, 6.92105e-310, 1.03754e-322, 4.68409e-310, 0, 0, 1.76533e-19, 3.40798e+160, 1.4889e+195, 1.69084e-307, 0, 
2.5, -0.4, 6.9528e-310, 6.9528e-310, 6.9528e-310, 0.531443, 0.521501, 0.155398, 0.678567, 0.6809, 0.156687, 2.96439e-322, 6.92105e-310, 1.97626e-323, 6.92105e-310, 1.03754e-322, 4.68409e-310, 0, 0, 1.76533e-19, 3.40798e+160, 1.4889e+195, 1.69084e-307, 0, 
2.5, -0.4, 6.9528e-310, 6.9528e-310, 6.9528e-310, 0.531443, 0.521501, 0.155398, 0.684266, 0.686955, 0.157002, 2.96439e-322, 6.92105e-310, 1.97626e-323, 6.92105e-310, 1.03754e-322, 4.68409e-310, 0, 0, 1.76533e-19, 3.40798e+160, 1.4889e+195, 1.69084e-307, 0, 
2.5, -0.4, -0.121135, 0.507482, -0.133615, 0.531443, 0.521501, 0.155398, 0.687512, 0.690544, 0.156537, 10.1747, 14.6243, 4.05052, -0.077361, -0.450367, -0.038545, -8.24832, 51.9243, -14.145, -6.49629, 0.934078, 1.81494, 0.125491, 
2.5, -0.4, -0.121135, 0.507482, -0.133615, 0.531443, 0.521501, 0.155398, 0.692753, 0.696376, 0.157468, 10.1747, 14.6243, 4.05052, -0.077361, -0.450367, -0.038545, -8.24832, 51.9243, -14.145, -6.49629, 0.934078, 1.81494, 0.125491, 
2.5, -0.4, -0.121135, 0.507482, -0.133615, 0.531443, 0.521501, 0.155398, 0.697652, 0.701599, 0.157422, 10.1747, 14.6243, 4.05052, -0.077361, -0.450367, -0.038545, -8.24832, 51.9243, -14.145, -6.49629, 0.934078, 1.81494, 0.125491, 
2.5, -0.4, -0.121135, 0.507482, -0.133615, 0.531443, 0.521501, 0.155398, 0.70119, 0.704922, 0.157468, 10.1747, 14.6243, 4.05052, -0.077361, -0.450367, -0.038545, -8.24832, 51.9243, -14.145, -6.49629, 0.934078, 1.81494, 0.125491, 
2.5, -0.4, -0.121135, 0.507482, -0.133615, 0.531443, 0.521501, 0.155398, 0.704319, 0.708121, 0.157202, 10.1747, 14.6243, 4.05052, -0.077361, -0.450367, -0.038545, -8.24832, 51.9243, -14.145, -6.49629, 0.934078, 1.81494, 0.125491, 
2.5, -0.4, -0.121135, 0.507482, -0.133615, 0.531443, 0.521501, 0.155398, 0.708141, 0.712452, 0.157341, 10.1747, 14.6243, 4.05052, -0.077361, -0.450367, -0.038545, -8.24832, 51.9243, -14.145, -6.49629, 0.934078, 1.81494, 0.125491, 
2.5, -0.4, -0.121135, 0.507482, -0.133615, 0.531443, 0.521501, 0.155398, 0.71195, 0.716658, 0.15748, 10.1747, 14.6243, 4.05052, -0.077361, -0.450367, -0.038545, -8.24832, 51.9243, -14.145, -6.49629, 0.934078, 1.81494, 0.125491, 
2.5, -0.4, -0.121135, 0.507482, -0.133615, 0.531443, 0.521501, 0.155398, 0.714771, 0.719037, 0.156784, 10.1747, 14.6243, 4.05052, -0.077361, -0.450367, -0.038545, -8.24832, 51.9243, -14.145, -6.49629, 0.934078, 1.81494, 0.125491, 
2.5, -0.4, -0.121135, 0.507482, -0.133615, 0.531443, 0.521501, 0.155398, 0.718117, 0.722694, 0.15714, 10.1747, 14.6243, 4.05052, -0.077361, -0.450367, -0.038545, -8.24832, 51.9243, -14.145, -6.49629, 0.934078, 1.81494, 0.125491, 
2.5, -0.4, -0.121135, 0.507482, -0.133615, 0.531443, 0.521501, 0.155398, 0.72017, 0.72509, 0.157106, 10.1747, 14.6243, 4.05052, -0.077361, -0.450367, -0.038545, -8.24832, 51.9243, -14.145, -6.49629, 0.934078, 1.81494, 0.125491, 
2.5, -0.4, -0.121135, 0.507482, -0.133615, 0.531443, 0.521501, 0.155398, 0.722945, 0.728219, 0.157173, 10.1747, 14.6243, 4.05052, -0.077361, -0.450367, -0.038545, -8.24832, 51.9243, -14.145, -6.49629, 0.934078, 1.81494, 0.125491, 
2.5, -0.4, -0.121135, 0.507482, -0.133615, 0.531443, 0.521501, 0.155398, 0.724845, 0.730326, 0.157053, 10.1747, 14.6243, 4.05052, -0.077361, -0.450367, -0.038545, -8.24832, 51.9243, -14.145, -6.49629, 0.934078, 1.81494, 0.125491, 
2.5, -0.4, -0.121135, 0.507482, -0.133615, 0.531443, 0.521501, 0.155398, 0.727231, 0.733193, 0.157082, 10.1747, 14.6243, 4.05052, -0.077361, -0.450367, -0.038545, -8.24832, 51.9243, -14.145, -6.49629, 0.934078, 1.81494, 0.125491, 
2.5, -0.4, -0.121135, 0.507482, -0.133615, 0.531443, 0.521501, 0.155398, 0.72882, 0.734951, 0.157033, 10.1747, 14.6243, 4.05052, -0.077361, -0.450367, -0.038545, -8.24832, 51.9243, -14.145, -6.49629, 0.934078, 1.81494, 0.125491, 
2.5, -0.4, -0.121135, 0.507482, -0.133615, 0.531443, 0.521501, 0.155398, 0.731146, 0.737296, 0.156993, 10.1747, 14.6243, 4.05052, -0.077361, -0.450367, -0.038545, -8.24832, 51.9243, -14.145, -6.49629, 0.934078, 1.81494, 0.125491, 
2.5, -0.4, -0.121135, 0.507482, -0.133615, 0.531443, 0.521501, 0.155398, 0.732447, 0.738676, 0.156489, 10.1747, 14.6243, 4.05052, -0.077361, -0.450367, -0.038545, -8.24832, 51.9243, -14.145, -6.49629, 0.934078, 1.81494, 0.125491, 
2.5, -0.4, -0.121135, 0.507482, -0.133615, 0.531443, 0.521501, 0.155398, 0.734348, 0.740675, 0.156671, 10.1747, 14.6243, 4.05052, -0.077361, -0.450367, -0.038545, -8.24832, 51.9243, -14.145, -6.49629, 0.934078, 1.81494, 0.125491, 
2.5, -0.4, -0.121135, 0.507482, -0.133615, 0.531443, 0.521501, 0.155398, 0.735397, 0.741626, 0.156697, 10.1747, 14.6243, 4.05052, -0.077361, -0.450367, -0.038545, -8.24832, 51.9243, -14.145, -6.49629, 0.934078, 1.81494, 0.125491, 
2.5, -0.4, -0.121135, 0.507482, -0.133615, 0.531443, 0.521501, 0.155398, 0.736921, 0.74327, 0.156726, 10.1747, 14.6243, 4.05052, -0.077361, -0.450367, -0.038545, -8.24832, 51.9243, -14.145, -6.49629, 0.934078, 1.81494, 0.125491, 
2.5, -0.4, -0.121135, 0.507482, -0.133615, 0.531443, 0.521501, 0.155398, 0.7376, 0.744048, 0.15702, 10.1747, 14.6243, 4.05052, -0.077361, -0.450367, -0.038545, -8.24832, 51.9243, -14.145, -6.49629, 0.934078, 1.81494, 0.125491, 
2.5, -0.4, -0.121135, 0.507482, -0.133615, 0.531443, 0.521501, 0.155398, 0.738741, 0.745133, 0.157111, 10.1747, 14.6243, 4.05052, -0.077361, -0.450367, -0.038545, -8.24832, 51.9243, -14.145, -6.49629, 0.934078, 1.81494, 0.125491, 
2.5, -0.4, -0.121135, 0.507482, -0.133615, 0.531443, 0.521501, 0.155398, 0.739198, 0.745728, 0.157165, 10.1747, 14.6243, 4.05052, -0.077361, -0.450367, -0.038545, -8.24832, 51.9243, -14.145, -6.49629, 0.934078, 1.81494, 0.125491, 
2.5, -0.4, -0.121135, 0.507482, -0.133615, 0.531443, 0.521501, 0.155398, 0.739668, 0.746243, 0.157165, 10.1747, 14.6243, 4.05052, -0.077361, -0.450367, -0.038545, -8.24832, 51.9243, -14.145, -6.49629, 0.934078, 1.81494, 0.125491, 
2.5, -0.4, -0.121135, 0.507482, -0.133615, 0.531443, 0.521501, 0.155398, 0.739866, 0.7463, 0.156889, 10.1747, 14.6243, 4.05052, -0.077361, -0.450367, -0.038545, -8.24832, 51.9243, -14.145, -6.49629, 0.934078, 1.81494, 0.125491, 
2.5, -0.4, -0.121135, 0.507482, -0.133615, 0.531443, 0.521501, 0.155398, 0.739976, 0.746429, 0.157213, 10.1747, 14.6243, 4.05052, -0.077361, -0.450367, -0.038545, -8.24832, 51.9243, -14.145, -6.49629, 0.934078, 1.81494, 0.125491, 
2.5, -0.4, -0.121135, 0.507482, -0.133615, 0.531443, 0.521501, 0.155398, 0.739735, 0.746293, 0.157197, 10.1747, 14.6243, 4.05052, -0.077361, -0.450367, -0.038545, -8.24832, 51.9243, -14.145, -6.49629, 0.934078, 1.81494, 0.125491, 
2.5, -0.4, -0.121135, 0.507482, -0.133615, 0.531443, 0.521501, 0.155398, 0.739518, 0.74616, 0.156791, 10.1747, 14.6243, 4.05052, -0.077361, -0.450367, -0.038545, -8.24832, 51.9243, -14.145, -6.49629, 0.934078, 1.81494, 0.125491, 
2.5, -0.4, -0.121135, 0.507482, -0.133615, 0.531443, 0.521501, 0.155398, 0.739111, 0.746059, 0.156761, 10.1747, 14.6243, 4.05052, -0.077361, -0.450367, -0.038545, -8.24832, 51.9243, -14.145, -6.49629, 0.934078, 1.81494, 0.125491, 
2.5, -0.4, -0.121135, 0.507482, -0.133615, 0.531443, 0.521501, 0.155398, 0.738545, 0.74586, 0.156878, 10.1747, 14.6243, 4.05052, -0.077361, -0.450367, -0.038545, -8.24832, 51.9243, -14.145, -6.49629, 0.934078, 1.81494, 0.125491, 
2.5, -0.4, -0.121135, 0.507482, -0.133615, 0.531443, 0.521501, 0.155398, 0.737947, 0.745749, 0.157266, 10.1747, 14.6243, 4.05052, -0.077361, -0.450367, -0.038545, -8.24832, 51.9243, -14.145, -6.49629, 0.934078, 1.81494, 0.125491, 
2.5, -0.4, -0.121135, 0.507482, -0.133615, 0.531443, 0.521501, 0.155398, 0.737513, 0.745899, 0.157455, 10.1747, 14.6243, 4.05052, -0.077361, -0.450367, -0.038545, -8.24832, 51.9243, -14.145, -6.49629, 0.934078, 1.81494, 0.125491, 
2.5, -0.4, -0.121135, 0.507482, -0.133615, 0.531443, 0.521501, 0.155398, 0.73746, 0.74594, 0.157563, 10.1747, 14.6243, 4.05052, -0.077361, -0.450367, -0.038545, -8.24832, 51.9243, -14.145, -6.49629, 0.934078, 1.81494, 0.125491, 
2.5, -0.4, -0.121135, 0.507482, -0.133615, 0.531443, 0.521501, 0.155398, 0.737582, 0.745838, 0.157459, 10.1747, 14.6243, 4.05052, -0.077361, -0.450367, -0.038545, -8.24832, 51.9243, -14.145, -6.49629, 0.934078, 1.81494, 0.125491, 
2.5, -0.4, -0.121135, 0.507482, -0.133615, 0.531443, 0.521501, 0.155398, 0.738108, 0.745789, 0.157133, 10.1747, 14.6243, 4.05052, -0.077361, -0.450367, -0.038545, -8.24832, 51.9243, -14.145, -6.49629, 0.934078, 1.81494, 0.125491, 
2.5, -0.4, -0.121135, 0.507482, -0.133615, 0.531443, 0.521501, 0.155398, 0.738363, 0.745868, 0.156725, 10.1747, 14.6243, 4.05052, -0.077361, -0.450367, -0.038545, -8.24832, 51.9243, -14.145, -6.49629, 0.934078, 1.81494, 0.125491, 
2.5, -0.4, -0.121135, 0.507482, -0.133615, 0.531443, 0.521501, 0.155398, 0.738787, 0.745877, 0.157063, 10.1747, 14.6243, 4.05052, -0.077361, -0.450367, -0.038545, -8.24832, 51.9243, -14.145, -6.49629, 0.934078, 1.81494, 0.125491, 
2.5, -0.4, -0.121135, 0.507482, -0.133615, 0.531443, 0.521501, 0.155398, 0.73895, 0.745978, 0.157118, 10.1747, 14.6243, 4.05052, -0.077361, -0.450367, -0.038545, -8.24832, 51.9243, -14.145, -6.49629, 0.934078, 1.81494, 0.125491, 
2.5, -0.4, -0.121135, 0.507482, -0.133615, 0.531443, 0.521501, 0.155398, 0.73922, 0.746096, 0.156718, 10.1747, 14.6243, 4.05052, -0.077361, -0.450367, -0.038545, -8.24832, 51.9243, -14.145, -6.49629, 0.934078, 1.81494, 0.125491, 
2.5, -0.4, -0.121135, 0.507482, -0.133615, 0.531443, 0.521501, 0.155398, 0.739215, 0.746058, 0.156749, 10.1747, 14.6243, 4.05052, -0.077361, -0.450367, -0.038545, -8.24832, 51.9243, -14.145, -6.49629, 0.934078, 1.81494, 0.125491, 
2.5, -0.4, -0.121135, 0.507482, -0.133615, 0.531443, 0.521501, 0.155398, 0.738921, 0.745927, 0.156773, 10.1747, 14.6243, 4.05052, -0.077361, -0.450367, -0.038545, -8.24832, 51.9243, -14.145, -6.49629, 0.934078, 1.81494, 0.125491, 
2.5, -0.4, -0.121135, 0.507482, -0.133615, 0.531443, 0.521501, 0.155398, 0.738736, 0.745874, 0.156735, 10.1747, 14.6243, 4.05052, -0.077361, -0.450367, -0.038545, -8.24832, 51.9243, -14.145, -6.49629, 0.934078, 1.81494, 0.125491, 
2.5, -0.4, -0.121135, 0.507482, -0.133615, 0.531443, 0.521501, 0.155398, 0.738484, 0.74586, 0.157087, 10.1747, 14.6243, 4.05052, -0.077361, -0.450367, -0.038545, -8.24832, 51.9243, -14.145, -6.49629, 0.934078, 1.81494, 0.125491, 
2.5, -0.4, -0.121135, 0.507482, -0.133615, 0.531443, 0.521501, 0.155398, 0.738537, 0.745819, 0.156759, 10.1747, 14.6243, 4.05052, -0.077361, -0.450367, -0.038545, -8.24832, 51.9243, -14.145, -6.49629, 0.934078, 1.81494, 0.125491, 
2.5, -0.4, -0.121135, 0.507482, -0.133615, 0.531443, 0.521501, 0.155398, 0.738339, 0.745901, 0.157284, 10.1747, 14.6243, 4.05052, -0.077361, -0.450367, -0.038545, -8.24832, 51.9243, -14.145, -6.49629, 0.934078, 1.81494, 0.125491, 
2.5, -0.4, -0.121135, 0.507482, -0.133615, 0.531443, 0.521501, 0.155398, 0.738306, 0.74592, 0.157236, 10.1747, 14.6243, 4.05052, -0.077361, -0.450367, -0.038545, -8.24832, 51.9243, -14.145, -6.49629, 0.934078, 1.81494, 0.125491, 
2.5, -0.4, -0.121135, 0.507482, -0.133615, 0.531443, 0.521501, 0.155398, 0.738468, 0.745906, 0.157256, 10.1747, 14.6243, 4.05052, -0.077361, -0.450367, -0.038545, -8.24832, 51.9243, -14.145, -6.49629, 0.934078, 1.81494, 0.125491, 
2.5, -0.4, -0.121135, 0.507482, -0.133615, 0.531443, 0.521501, 0.155398, 0.738639, 0.74584, 0.156753, 10.1747, 14.6243, 4.05052, -0.077361, -0.450367, -0.038545, -8.24832, 51.9243, -14.145, -6.49629, 0.934078, 1.81494, 0.125491, 
2.5, -0.4, -0.121135, 0.507482, -0.133615, 0.531443, 0.521501, 0.155398, 0.738836, 0.745932, 0.15667, 10.1747, 14.6243, 4.05052, -0.077361, -0.450367, -0.038545, -8.24832, 51.9243, -14.145, -6.49629, 0.934078, 1.81494, 0.125491, 
2.5, -0.4, -0.121135, 0.507482, -0.133615, 0.531443, 0.521501, 0.155398, 0.738921, 0.745958, 0.156682, 10.1747, 14.6243, 4.05052, -0.077361, -0.450367, -0.038545, -8.24832, 51.9243, -14.145, -6.49629, 0.934078, 1.81494, 0.125491, 
2.5, -0.4, -0.121135, 0.507482, -0.133615, 0.531443, 0.521501, 0.155398, 0.738881, 0.745905, 0.156743, 10.1747, 14.6243, 4.05052, -0.077361, -0.450367, -0.038545, -8.24832, 51.9243, -14.145, -6.49629, 0.934078, 1.81494, 0.125491, 
2.5, -0.4, -0.121135, 0.507482, -0.133615, 0.531443, 0.521501, 0.155398, 0.73882, 0.745885, 0.15675, 10.1747, 14.6243, 4.05052, -0.077361, -0.450367, -0.038545, -8.24832, 51.9243, -14.145, -6.49629, 0.934078, 1.81494, 0.125491, 
2.5, -0.4, -0.121135, 0.507482, -0.133615, 0.531443, 0.521501, 0.155398, 0.738722, 0.74585, 0.15676, 10.1747, 14.6243, 4.05052, -0.077361, -0.450367, -0.038545, -8.24832, 51.9243, -14.145, -6.49629, 0.934078, 1.81494, 0.125491, 
2.5, -0.4, -0.121135, 0.507482, -0.133615, 0.531443, 0.521501, 0.155398, 0.738632, 0.745968, 0.157083, 10.1747, 14.6243, 4.05052, -0.077361, -0.450367, -0.038545, -8.24832, 51.9243, -14.145, -6.49629, 0.934078, 1.81494, 0.125491, 
2.5, -0.4, -0.121135, 0.507482, -0.133615, 0.531443, 0.521501, 0.155398, 0.738609, 0.745929, 0.156852, 10.1747, 14.6243, 4.05052, -0.077361, -0.450367, -0.038545, -8.24832, 51.9243, -14.145, -6.49629, 0.934078, 1.81494, 0.125491, 
2.5, -0.4, -0.121135, 0.507482, -0.133615, 0.531443, 0.521501, 0.155398, 0.73857, 0.745925, 0.15686, 10.1747, 14.6243, 4.05052, -0.077361, -0.450367, -0.038545, -8.24832, 51.9243, -14.145, -6.49629, 0.934078, 1.81494, 0.125491, 
2.5, -0.4, -0.121135, 0.507482, -0.133615, 0.531443, 0.521501, 0.155398, 0.738601, 0.745914, 0.156827, 10.1747, 14.6243, 4.05052, -0.077361, -0.450367, -0.038545, -8.24832, 51.9243, -14.145, -6.49629, 0.934078, 1.81494, 0.125491, 
2.5, -0.4, -0.121135, 0.507482, -0.133615, 0.531443, 0.521501, 0.155398, 0.738586, 0.745846, 0.156758, 10.1747, 14.6243, 4.05052, -0.077361, -0.450367, -0.038545, -8.24832, 51.9243, -14.145, -6.49629, 0.934078, 1.81494, 0.125491, 
2.5, -0.4, -0.121135, 0.507482, -0.133615, 0.531443, 0.521501, 0.155398, 0.738665, 0.745836, 0.156744, 10.1747, 14.6243, 4.05052, -0.077361, -0.450367, -0.038545, -8.24832, 51.9243, -14.145, -6.49629, 0.934078, 1.81494, 0.125491, 
2.5, -0.4, -0.121135, 0.507482, -0.133615, 0.531443, 0.521501, 0.155398, 0.738781, 0.74583, 0.156738, 10.1747, 14.6243, 4.05052, -0.077361, -0.450367, -0.038545, -8.24832, 51.9243, -14.145, -6.49629, 0.934078, 1.81494, 0.125491, 
2.5, -0.4, -0.121135, 0.507482, -0.133615, 0.531443, 0.521501, 0.155398, 0.738804, 0.745832, 0.156734, 10.1747, 14.6243, 4.05052, -0.077361, -0.450367, -0.038545, -8.24832, 51.9243, -14.145, -6.49629, 0.934078, 1.81494, 0.125491, 
2.5, -0.4, -0.121135, 0.507482, -0.133615, 0.531443, 0.521501, 0.155398, 0.738755, 0.74589, 0.15712, 10.1747, 14.6243, 4.05052, -0.077361, -0.450367, -0.038545, -8.24832, 51.9243, -14.145, -6.49629, 0.934078, 1.81494, 0.125491, 
2.5, -0.4, -0.121135, 0.507482, -0.133615, 0.531443, 0.521501, 0.155398, 0.738696, 0.745895, 0.157146, 10.1747, 14.6243, 4.05052, -0.077361, -0.450367, -0.038545, -8.24832, 51.9243, -14.145, -6.49629, 0.934078, 1.81494, 0.125491, 
2.5, -0.4, -0.121135, 0.507482, -0.133615, 0.531443, 0.521501, 0.155398, 0.73863, 0.74594, 0.157216, 10.1747, 14.6243, 4.05052, -0.077361, -0.450367, -0.038545, -8.24832, 51.9243, -14.145, -6.49629, 0.934078, 1.81494, 0.125491, 
2.5, -0.4, -0.121135, 0.507482, -0.133615, 0.531443, 0.521501, 0.155398, 0.738572, 0.745936, 0.157239, 10.1747, 14.6243, 4.05052, -0.077361, -0.450367, -0.038545, -8.24832, 51.9243, -14.145, -6.49629, 0.934078, 1.81494, 0.125491, 
2.5, -0.4, -0.121135, 0.507482, -0.133615, 0.531443, 0.521501, 0.155398, 0.738651, 0.745874, 0.156737, 10.1747, 14.6243, 4.05052, -0.077361, -0.450367, -0.038545, -8.24832, 51.9243, -14.145, -6.49629, 0.934078, 1.81494, 0.125491, 
2.5, -0.4, -0.121135, 0.507482, -0.133615, 0.531443, 0.521501, 0.155398, 0.738563, 0.745867, 0.157098, 10.1747, 14.6243, 4.05052, -0.077361, -0.450367, -0.038545, -8.24832, 51.9243, -14.145, -6.49629, 0.934078, 1.81494, 0.125491, 
2.5, -0.4, -0.121135, 0.507482, -0.133615, 0.531443, 0.521501, 0.155398, 0.738604, 0.74588, 0.157084, 10.1747, 14.6243, 4.05052, -0.077361, -0.450367, -0.038545, -8.24832, 51.9243, -14.145, -6.49629, 0.934078, 1.81494, 0.125491, 
2.5, -0.4, -0.121135, 0.507482, -0.133615, 0.531443, 0.521501, 0.155398, 0.738644, 0.745871, 0.157124, 10.1747, 14.6243, 4.05052, -0.077361, -0.450367, -0.038545, -8.24832, 51.9243, -14.145, -6.49629, 0.934078, 1.81494, 0.125491, 
2.5, -0.4, -0.121135, 0.507482, -0.133615, 0.531443, 0.521501, 0.155398, 0.738682, 0.745901, 0.157123, 10.1747, 14.6243, 4.05052, -0.077361, -0.450367, -0.038545, -8.24832, 51.9243, -14.145, -6.49629, 0.934078, 1.81494, 0.125491, 
2.5, -0.4, -0.121135, 0.507482, -0.133615, 0.531443, 0.521501, 0.155398, 0.738731, 0.745899, 0.157126, 10.1747, 14.6243, 4.05052, -0.077361, -0.450367, -0.038545, -8.24832, 51.9243, -14.145, -6.49629, 0.934078, 1.81494, 0.125491, 
2.5, -0.4, -0.121135, 0.507482, -0.133615, 0.531443, 0.521501, 0.155398, 0.73869, 0.745917, 0.157149, 10.1747, 14.6243, 4.05052, -0.077361, -0.450367, -0.038545, -8.24832, 51.9243, -14.145, -6.49629, 0.934078, 1.81494, 0.125491, 
2.5, -0.4, -0.121135, 0.507482, -0.133615, 0.531443, 0.521501, 0.155398, 0.738683, 0.745912, 0.157116, 10.1747, 14.6243, 4.05052, -0.077361, -0.450367, -0.038545, -8.24832, 51.9243, -14.145, -6.49629, 0.934078, 1.81494, 0.125491, 
2.5, -0.4, -0.121135, 0.507482, -0.133615, 0.531443, 0.521501, 0.155398, 0.738612, 0.745906, 0.157121, 10.1747, 14.6243, 4.05052, -0.077361, -0.450367, -0.038545, -8.24832, 51.9243, -14.145, -6.49629, 0.934078, 1.81494, 0.125491, 
2.5, -0.4, -0.121135, 0.507482, -0.133615, 0.531443, 0.521501, 0.155398, 0.738625, 0.745876, 0.157103, 10.1747, 14.6243, 4.05052, -0.077361, -0.450367, -0.038545, -8.24832, 51.9243, -14.145, -6.49629, 0.934078, 1.81494, 0.125491, 
2.5, -0.4, -0.121135, 0.507482, -0.133615, 0.531443, 0.521501, 0.155398, 0.73859, 0.745881, 0.157105, 10.1747, 14.6243, 4.05052, -0.077361, -0.450367, -0.038545, -8.24832, 51.9243, -14.145, -6.49629, 0.934078, 1.81494, 0.125491, 
2.5, -0.4, -0.121135, 0.507482, -0.133615, 0.531443, 0.521501, 0.155398, 0.738606, 0.745875, 0.157099, 10.1747, 14.6243, 4.05052, -0.077361, -0.450367, -0.038545, -8.24832, 51.9243, -14.145, -6.49629, 0.934078, 1.81494, 0.125491, 
2.5, -0.4, -0.121135, 0.507482, -0.133615, 0.531443, 0.521501, 0.155398, 0.738618, 0.745899, 0.15709, 10.1747, 14.6243, 4.05052, -0.077361, -0.450367, -0.038545, -8.24832, 51.9243, -14.145, -6.49629, 0.934078, 1.81494, 0.125491, 
2.5, -0.4, -0.121135, 0.507482, -0.133615, 0.531443, 0.521501, 0.155398, 0.738636, 0.745969, 0.15721, 10.1747, 14.6243, 4.05052, -0.077361, -0.450367, -0.038545, -8.24832, 51.9243, -14.145, -6.49629, 0.934078, 1.81494, 0.125491, 
2.5, -0.4, -0.121135, 0.507482, -0.133615, 0.531443, 0.521501, 0.155398, 0.738674, 0.745912, 0.157102, 10.1747, 14.6243, 4.05052, -0.077361, -0.450367, -0.038545, -8.24832, 51.9243, -14.145, -6.49629, 0.934078, 1.81494, 0.125491, 
2.5, -0.4, -0.121135, 0.507482, -0.133615, 0.531443, 0.521501, 0.155398, 0.738705, 0.745994, 0.157172, 10.1747, 14.6243, 4.05052, -0.077361, -0.450367, -0.038545, -8.24832, 51.9243, -14.145, -6.49629, 0.934078, 1.81494, 0.125491, 
2.5, -0.4, -0.121135, 0.507482, -0.133615, 0.531443, 0.521501, 0.155398, 0.73869, 0.745924, 0.157094, 10.1747, 14.6243, 4.05052, -0.077361, -0.450367, -0.038545, -8.24832, 51.9243, -14.145, -6.49629, 0.934078, 1.81494, 0.125491, 
2.5, -0.4, -0.121135, 0.507482, -0.133615, 0.531443, 0.521501, 0.155398, 0.738697, 0.745898, 0.15695, 10.1747, 14.6243, 4.05052, -0.077361, -0.450367, -0.038545, -8.24832, 51.9243, -14.145, -6.49629, 0.934078, 1.81494, 0.125491, 
2.5, -0.4, -0.121135, 0.507482, -0.133615, 0.531443, 0.521501, 0.155398, 0.738663, 0.745891, 0.156938, 10.1747, 14.6243, 4.05052, -0.077361, -0.450367, -0.038545, -8.24832, 51.9243, -14.145, -6.49629, 0.934078, 1.81494, 0.125491, 
2.5, -0.4, -0.121135, 0.507482, -0.133615, 0.531443, 0.521501, 0.155398, 0.738603, 0.745931, 0.157049, 10.1747, 14.6243, 4.05052, -0.077361, -0.450367, -0.038545, -8.24832, 51.9243, -14.145, -6.49629, 0.934078, 1.81494, 0.125491, 
2.5, -0.4, -0.121135, 0.507482, -0.133615, 0.531443, 0.521501, 0.155398, 0.738588, 0.745938, 0.157067, 10.1747, 14.6243, 4.05052, -0.077361, -0.450367, -0.038545, -8.24832, 51.9243, -14.145, -6.49629, 0.934078, 1.81494, 0.125491, 
2.5, -0.4, -0.121135, 0.507482, -0.133615, 0.531443, 0.521501, 0.155398, 0.738596, 0.74584, 0.157098, 10.1747, 14.6243, 4.05052, -0.077361, -0.450367, -0.038545, -8.24832, 51.9243, -14.145, -6.49629, 0.934078, 1.81494, 0.125491, 
2.5, -0.4, -0.121135, 0.507482, -0.133615, 0.531443, 0.521501, 0.155398, 0.738566, 0.745924, 0.157182, 10.1747, 14.6243, 4.05052, -0.077361, -0.450367, -0.038545, -8.24832, 51.9243, -14.145, -6.49629, 0.934078, 1.81494, 0.125491, 
2.5, -0.4, -0.121135, 0.507482, -0.133615, 0.531443, 0.521501, 0.155398, 0.738764, 0.745817, 0.156583, 10.1747, 14.6243, 4.05052, -0.077361, -0.450367, -0.038545, -8.24832, 51.9243, -14.145, -6.49629, 0.934078, 1.81494, 0.125491, 
2.5, -0.4, -0.121135, 0.507482, -0.133615, 0.531443, 0.521501, 0.155398, 0.738651, 0.745862, 0.157099, 10.1747, 14.6243, 4.05052, -0.077361, -0.450367, -0.038545, -8.24832, 51.9243, -14.145, -6.49629, 0.934078, 1.81494, 0.125491, 
2.5, -0.4, -0.121135, 0.507482, -0.133615, 0.531443, 0.521501, 0.155398, 0.738649, 0.745879, 0.15708, 10.1747, 14.6243, 4.05052, -0.077361, -0.450367, -0.038545, -8.24832, 51.9243, -14.145, -6.49629, 0.934078, 1.81494, 0.125491, 
2.5, -0.4, -0.121135, 0.507482, -0.133615, 0.531443, 0.521501, 0.155398, 0.73862, 0.745891, 0.157078, 10.1747, 14.6243, 4.05052, -0.077361, -0.450367, -0.038545, -8.24832, 51.9243, -14.145, -6.49629, 0.934078, 1.81494, 0.125491, 
2.5, -0.4, -0.121135, 0.507482, -0.133615, 0.531443, 0.521501, 0.155398, 0.738604, 0.745886, 0.15708, 10.1747, 14.6243, 4.05052, -0.077361, -0.450367, -0.038545, -8.24832, 51.9243, -14.145, -6.49629, 0.934078, 1.81494, 0.125491, 
2.5, -0.4, -0.121135, 0.507482, -0.133615, 0.531443, 0.521501, 0.155398, 0.738569, 0.745876, 0.157076, 10.1747, 14.6243, 4.05052, -0.077361, -0.450367, -0.038545, -8.24832, 51.9243, -14.145, -6.49629, 0.934078, 1.81494, 0.125491, 
2.5, -0.4, -0.121135, 0.507482, -0.133615, 0.531443, 0.521501, 0.155398, 0.73854, 0.745954, 0.157142, 10.1747, 14.6243, 4.05052, -0.077361, -0.450367, -0.038545, -8.24832, 51.9243, -14.145, -6.49629, 0.934078, 1.81494, 0.125491, 
2.5, -0.4, -0.121135, 0.507482, -0.133615, 0.531443, 0.521501, 0.155398, 0.738542, 0.745912, 0.15705, 10.1747, 14.6243, 4.05052, -0.077361, -0.450367, -0.038545, -8.24832, 51.9243, -14.145, -6.49629, 0.934078, 1.81494, 0.125491, 
2.5, -0.4, -0.121135, 0.507482, -0.133615, 0.531443, 0.521501, 0.155398, 0.738563, 0.745897, 0.15706, 10.1747, 14.6243, 4.05052, -0.077361, -0.450367, -0.038545, -8.24832, 51.9243, -14.145, -6.49629, 0.934078, 1.81494, 0.125491, 
2.5, -0.4, -0.121135, 0.507482, -0.133615, 0.531443, 0.521501, 0.155398, 0.738573, 0.745899, 0.157057, 10.1747, 14.6243, 4.05052, -0.077361, -0.450367, -0.038545, -8.24832, 51.9243, -14.145, -6.49629, 0.934078, 1.81494, 0.125491, 
2.5, -0.4, -0.121135, 0.507482, -0.133615, 0.531443, 0.521501, 0.155398, 0.738634, 0.745898, 0.157064, 10.1747, 14.6243, 4.05052, -0.077361, -0.450367, -0.038545, -8.24832, 51.9243, -14.145, -6.49629, 0.934078, 1.81494, 0.125491, 
2.5, -0.4, -0.121135, 0.507482, -0.133615, 0.531443, 0.521501, 0.155398, 0.738618, 0.745893, 0.157089, 10.1747, 14.6243, 4.05052, -0.077361, -0.450367, -0.038545, -8.24832, 51.9243, -14.145, -6.49629, 0.934078, 1.81494, 0.125491, 
2.5, -0.4, -0.121135, 0.507482, -0.133615, 0.531443, 0.521501, 0.155398, 0.738601, 0.745929, 0.15703, 10.1747, 14.6243, 4.05052, -0.077361, -0.450367, -0.038545, -8.24832, 51.9243, -14.145, -6.49629, 0.934078, 1.81494, 0.125491, 
2.5, -0.4, -0.121135, 0.507482, -0.133615, 0.531443, 0.521501, 0.155398, 0.738598, 0.745947, 0.157007, 10.1747, 14.6243, 4.05052, -0.077361, -0.450367, -0.038545, -8.24832, 51.9243, -14.145, -6.49629, 0.934078, 1.81494, 0.125491, 
2.5, -0.4, -0.121135, 0.507482, -0.133615, 0.531443, 0.521501, 0.155398, 0.738579, 0.745955, 0.157024, 10.1747, 14.6243, 4.05052, -0.077361, -0.450367, -0.038545, -8.24832, 51.9243, -14.145, -6.49629, 0.934078, 1.81494, 0.125491, 
2.5, -0.4, -0.121135, 0.507482, -0.133615, 0.531443, 0.521501, 0.155398, 0.738566, 0.745931, 0.15704, 10.1747, 14.6243, 4.05052, -0.077361, -0.450367, -0.038545, -8.24832, 51.9243, -14.145, -6.49629, 0.934078, 1.81494, 0.125491, 
2.5, -0.4, -0.121135, 0.507482, -0.133615, 0.531443, 0.521501, 0.155398, 0.738564, 0.745982, 0.157143, 10.1747, 14.6243, 4.05052, -0.077361, -0.450367, -0.038545, -8.24832, 51.9243, -14.145, -6.49629, 0.934078, 1.81494, 0.125491, 
2.5, -0.4, -0.121135, 0.507482, -0.133615, 0.531443, 0.521501, 0.155398, 0.738578, 0.745905, 0.15708, 10.1747, 14.6243, 4.05052, -0.077361, -0.450367, -0.038545, -8.24832, 51.9243, -14.145, -6.49629, 0.934078, 1.81494, 0.125491, 
2.5, -0.4, -0.121135, 0.507482, -0.133615, 0.531443, 0.521501, 0.155398, 0.738584, 0.745901, 0.157086, 10.1747, 14.6243, 4.05052, -0.077361, -0.450367, -0.038545, -8.24832, 51.9243, -14.145, -6.49629, 0.934078, 1.81494, 0.125491, 
2.5, -0.4, -0.121135, 0.507482, -0.133615, 0.531443, 0.521501, 0.155398, 0.738626, 0.745894, 0.157078, 10.1747, 14.6243, 4.05052, -0.077361, -0.450367, -0.038545, -8.24832, 51.9243, -14.145, -6.49629, 0.934078, 1.81494, 0.125491, 
2.5, -0.4, -0.121135, 0.507482, -0.133615, 0.531443, 0.521501, 0.155398, 0.738633, 0.745896, 0.15707, 10.1747, 14.6243, 4.05052, -0.077361, -0.450367, -0.038545, -8.24832, 51.9243, -14.145, -6.49629, 0.934078, 1.81494, 0.125491, 
2.5, -0.4, -0.121135, 0.507482, -0.133615, 0.531443, 0.521501, 0.155398, 0.738598, 0.74588, 0.157114, 10.1747, 14.6243, 4.05052, -0.077361, -0.450367, -0.038545, -8.24832, 51.9243, -14.145, -6.49629, 0.934078, 1.81494, 0.125491, 
2.5, -0.4, -0.121135, 0.507482, -0.133615, 0.531443, 0.521501, 0.155398, 0.738683, 0.745889, 0.156717, 10.1747, 14.6243, 4.05052, -0.077361, -0.450367, -0.038545, -8.24832, 51.9243, -14.145, -6.49629, 0.934078, 1.81494, 0.125491, 
2.5, -0.4, -0.121135, 0.507482, -0.133615, 0.531443, 0.521501, 0.155398, 0.738558, 0.745877, 0.157111, 10.1747, 14.6243, 4.05052, -0.077361, -0.450367, -0.038545, -8.24832, 51.9243, -14.145, -6.49629, 0.934078, 1.81494, 0.125491, 
2.5, -0.4, -0.121135, 0.507482, -0.133615, 0.531443, 0.521501, 0.155398, 0.738545, 0.745851, 0.157136, 10.1747, 14.6243, 4.05052, -0.077361, -0.450367, -0.038545, -8.24832, 51.9243, -14.145, -6.49629, 0.934078, 1.81494, 0.125491, 
2.5, -0.4, -0.121135, 0.507482, -0.133615, 0.531443, 0.521501, 0.155398, 0.738558, 0.745851, 0.157132, 10.1747, 14.6243, 4.05052, -0.077361, -0.450367, -0.038545, -8.24832, 51.9243, -14.145, -6.49629, 0.934078, 1.81494, 0.125491, 
2.5, -0.4, -0.121135, 0.507482, -0.133615, 0.531443, 0.521501, 0.155398, 0.738728, 0.745796, 0.156932, 10.1747, 14.6243, 4.05052, -0.077361, -0.450367, -0.038545, -8.24832, 51.9243, -14.145, -6.49629, 0.934078, 1.81494, 0.125491, 
2.5, -0.4, -0.121135, 0.507482, -0.133615, 0.531443, 0.521501, 0.155398, 0.738741, 0.7458, 0.156915, 10.1747, 14.6243, 4.05052, -0.077361, -0.450367, -0.038545, -8.24832, 51.9243, -14.145, -6.49629, 0.934078, 1.81494, 0.125491, 
2.5, -0.4, -0.121135, 0.507482, -0.133615, 0.531443, 0.521501, 0.155398, 0.738746, 0.745798, 0.156932, 10.1747, 14.6243, 4.05052, -0.077361, -0.450367, -0.038545, -8.24832, 51.9243, -14.145, -6.49629, 0.934078, 1.81494, 0.125491, 
2.5, -0.4, -0.121135, 0.507482, -0.133615, 0.531443, 0.521501, 0.155398, 0.738735, 0.74587, 0.157027, 10.1747, 14.6243, 4.05052, -0.077361, -0.450367, -0.038545, -8.24832, 51.9243, -14.145, -6.49629, 0.934078, 1.81494, 0.125491, 
2.5, -0.4, -0.121135, 0.507482, -0.133615, 0.531443, 0.521501, 0.155398, 0.738732, 0.745815, 0.156916, 10.1747, 14.6243, 4.05052, -0.077361, -0.450367, -0.038545, -8.24832, 51.9243, -14.145, -6.49629, 0.934078, 1.81494, 0.125491, 
2.5, -0.4, -0.121135, 0.507482, -0.133615, 0.531443, 0.521501, 0.155398, 0.738718, 0.745811, 0.156925, 10.1747, 14.6243, 4.05052, -0.077361, -0.450367, -0.038545, -8.24832, 51.9243, -14.145, -6.49629, 0.934078, 1.81494, 0.125491, 
2.5, -0.4, -0.121135, 0.507482, -0.133615, 0.531443, 0.521501, 0.155398, 0.738718, 0.745807, 0.156927, 10.1747, 14.6243, 4.05052, -0.077361, -0.450367, -0.038545, -8.24832, 51.9243, -14.145, -6.49629, 0.934078, 1.81494, 0.125491, 
2.5, -0.4, -0.121135, 0.507482, -0.133615, 0.531443, 0.521501, 0.155398, 0.738563, 0.745833, 0.157137, 10.1747, 14.6243, 4.05052, -0.077361, -0.450367, -0.038545, -8.24832, 51.9243, -14.145, -6.49629, 0.934078, 1.81494, 0.125491, 
2.5, -0.4, -0.121135, 0.507482, -0.133615, 0.531443, 0.521501, 0.155398, 0.73858, 0.745846, 0.157112, 10.1747, 14.6243, 4.05052, -0.077361, -0.450367, -0.038545, -8.24832, 51.9243, -14.145, -6.49629, 0.934078, 1.81494, 0.125491, 
2.5, -0.4, -0.121135, 0.507482, -0.133615, 0.531443, 0.521501, 0.155398, 0.738587, 0.745852, 0.157109, 10.1747, 14.6243, 4.05052, -0.077361, -0.450367, -0.038545, -8.24832, 51.9243, -14.145, -6.49629, 0.934078, 1.81494, 0.125491, 
2.5, -0.4, -0.121135, 0.507482, -0.133615, 0.531443, 0.521501, 0.155398, 0.738582, 0.745862, 0.157107, 10.1747, 14.6243, 4.05052, -0.077361, -0.450367, -0.038545, -8.24832, 51.9243, -14.145, -6.49629, 0.934078, 1.81494, 0.125491, 
2.5, -0.4, -0.121135, 0.507482, -0.133615, 0.531443, 0.521501, 0.155398, 0.738581, 0.745851, 0.157136, 10.1747, 14.6243, 4.05052, -0.077361, -0.450367, -0.038545, -8.24832, 51.9243, -14.145, -6.49629, 0.934078, 1.81494, 0.125491, 
2.5, -0.4, -0.121135, 0.507482, -0.133615, 0.531443, 0.521501, 0.155398, 0.738583, 0.745856, 0.157113, 10.1747, 14.6243, 4.05052, -0.077361, -0.450367, -0.038545, -8.24832, 51.9243, -14.145, -6.49629, 0.934078, 1.81494, 0.125491, 
2.5, -0.4, -0.121135, 0.507482, -0.133615, 0.531443, 0.521501, 0.155398, 0.738711, 0.745846, 0.156725, 10.1747, 14.6243, 4.05052, -0.077361, -0.450367, -0.038545, -8.24832, 51.9243, -14.145, -6.49629, 0.934078, 1.81494, 0.125491, 
2.5, -0.4, -0.121135, 0.507482, -0.133615, 0.531443, 0.521501, 0.155398, 0.738585, 0.74585, 0.1571, 10.1747, 14.6243, 4.05052, -0.077361, -0.450367, -0.038545, -8.24832, 51.9243, -14.145, -6.49629, 0.934078, 1.81494, 0.125491, 
2.5, -0.4, -0.121135, 0.507482, -0.133615, 0.531443, 0.521501, 0.155398, 0.738587, 0.745839, 0.157117, 10.1747, 14.6243, 4.05052, -0.077361, -0.450367, -0.038545, -8.24832, 51.9243, -14.145, -6.49629, 0.934078, 1.81494, 0.125491, 
2.5, -0.4, -0.121135, 0.507482, -0.133615, 0.531443, 0.521501, 0.155398, 0.738584, 0.745833, 0.157126, 10.1747, 14.6243, 4.05052, -0.077361, -0.450367, -0.038545, -8.24832, 51.9243, -14.145, -6.49629, 0.934078, 1.81494, 0.125491, 
2.5, -0.4, -0.121135, 0.507482, -0.133615, 0.531443, 0.521501, 0.155398, 0.738598, 0.745844, 0.157113, 10.1747, 14.6243, 4.05052, -0.077361, -0.450367, -0.038545, -8.24832, 51.9243, -14.145, -6.49629, 0.934078, 1.81494, 0.125491, 
2.5, -0.4, -0.121135, 0.507482, -0.133615, 0.531443, 0.521501, 0.155398, 0.738621, 0.745832, 0.157118, 10.1747, 14.6243, 4.05052, -0.077361, -0.450367, -0.038545, -8.24832, 51.9243, -14.145, -6.49629, 0.934078, 1.81494, 0.125491, 
2.5, -0.4, -0.121135, 0.507482, -0.133615, 0.531443, 0.521501, 0.155398, 0.73863, 0.745823, 0.157146, 10.1747, 14.6243, 4.05052, -0.077361, -0.450367, -0.038545, -8.24832, 51.9243, -14.145, -6.49629, 0.934078, 1.81494, 0.125491, 
2.5, -0.4, -0.121135, 0.507482, -0.133615, 0.531443, 0.521501, 0.155398, 0.738632, 0.745825, 0.157111, 10.1747, 14.6243, 4.05052, -0.077361, -0.450367, -0.038545, -8.24832, 51.9243, -14.145, -6.49629, 0.934078, 1.81494, 0.125491, 
2.5, -0.4, -0.121135, 0.507482, -0.133615, 0.531443, 0.521501, 0.155398, 0.738621, 0.74582, 0.157127, 10.1747, 14.6243, 4.05052, -0.077361, -0.450367, -0.038545, -8.24832, 51.9243, -14.145, -6.49629, 0.934078, 1.81494, 0.125491, 
2.5, -0.4, -0.121135, 0.507482, -0.133615, 0.531443, 0.521501, 0.155398, 0.738611, 0.745828, 0.157128, 10.1747, 14.6243, 4.05052, -0.077361, -0.450367, -0.038545, -8.24832, 51.9243, -14.145, -6.49629, 0.934078, 1.81494, 0.125491, 
2.5, -0.4, -0.121135, 0.507482, -0.133615, 0.531443, 0.521501, 0.155398, 0.73861, 0.745821, 0.15713, 10.1747, 14.6243, 4.05052, -0.077361, -0.450367, -0.038545, -8.24832, 51.9243, -14.145, -6.49629, 0.934078, 1.81494, 0.125491, 
2.5, -0.4, -0.121135, 0.507482, -0.133615, 0.531443, 0.521501, 0.155398, 0.738608, 0.745829, 0.157128, 10.1747, 14.6243, 4.05052, -0.077361, -0.450367, -0.038545, -8.24832, 51.9243, -14.145, -6.49629, 0.934078, 1.81494, 0.125491, 
2.5, -0.4, -0.121135, 0.507482, -0.133615, 0.531443, 0.521501, 0.155398, 0.738594, 0.745856, 0.157115, 10.1747, 14.6243, 4.05052, -0.077361, -0.450367, -0.038545, -8.24832, 51.9243, -14.145, -6.49629, 0.934078, 1.81494, 0.125491, 
2.5, -0.4, -0.121135, 0.507482, -0.133615, 0.531443, 0.521501, 0.155398, 0.738568, 0.745923, 0.157193, 10.1747, 14.6243, 4.05052, -0.077361, -0.450367, -0.038545, -8.24832, 51.9243, -14.145, -6.49629, 0.934078, 1.81494, 0.125491, 
2.5, -0.4, -0.121135, 0.507482, -0.133615, 0.531443, 0.521501, 0.155398, 0.738589, 0.745904, 0.157216, 10.1747, 14.6243, 4.05052, -0.077361, -0.450367, -0.038545, -8.24832, 51.9243, -14.145, -6.49629, 0.934078, 1.81494, 0.125491, 
2.5, -0.4, -0.121135, 0.507482, -0.133615, 0.531443, 0.521501, 0.155398, 0.73857, 0.745911, 0.157215, 10.1747, 14.6243, 4.05052, -0.077361, -0.450367, -0.038545, -8.24832, 51.9243, -14.145, -6.49629, 0.934078, 1.81494, 0.125491, 
2.5, -0.4, -0.121135, 0.507482, -0.133615, 0.531443, 0.521501, 0.155398, 0.73857, 0.745854, 0.157119, 10.1747, 14.6243, 4.05052, -0.077361, -0.450367, -0.038545, -8.24832, 51.9243, -14.145, -6.49629, 0.934078, 1.81494, 0.125491, 
2.5, -0.4, -0.121135, 0.507482, -0.133615, 0.531443, 0.521501, 0.155398, 0.738583, 0.745844, 0.157121, 10.1747, 14.6243, 4.05052, -0.077361, -0.450367, -0.038545, -8.24832, 51.9243, -14.145, -6.49629, 0.934078, 1.81494, 0.125491, 
2.5, -0.4, -0.121135, 0.507482, -0.133615, 0.531443, 0.521501, 0.155398, 0.738589, 0.745849, 0.157108, 10.1747, 14.6243, 4.05052, -0.077361, -0.450367, -0.038545, -8.24832, 51.9243, -14.145, -6.49629, 0.934078, 1.81494, 0.125491, 
2.5, -0.4, -0.121135, 0.507482, -0.133615, 0.531443, 0.521501, 0.155398, 0.738582, 0.745857, 0.157096, 10.1747, 14.6243, 4.05052, -0.077361, -0.450367, -0.038545, -8.24832, 51.9243, -14.145, -6.49629, 0.934078, 1.81494, 0.125491, 
2.5, -0.4, -0.121135, 0.507482, -0.133615, 0.531443, 0.521501, 0.155398, 0.73858, 0.745848, 0.157129, 10.1747, 14.6243, 4.05052, -0.077361, -0.450367, -0.038545, -8.24832, 51.9243, -14.145, -6.49629, 0.934078, 1.81494, 0.125491, 
2.5, -0.4, -0.121135, 0.507482, -0.133615, 0.531443, 0.521501, 0.155398, 0.738574, 0.745852, 0.157134, 10.1747, 14.6243, 4.05052, -0.077361, -0.450367, -0.038545, -8.24832, 51.9243, -14.145, -6.49629, 0.934078, 1.81494, 0.125491, 
2.5, -0.4, -0.121135, 0.507482, -0.133615, 0.531443, 0.521501, 0.155398, 0.738591, 0.745836, 0.157124, 10.1747, 14.6243, 4.05052, -0.077361, -0.450367, -0.038545, -8.24832, 51.9243, -14.145, -6.49629, 0.934078, 1.81494, 0.125491, 
2.5, -0.4, -0.121135, 0.507482, -0.133615, 0.531443, 0.521501, 0.155398, 0.738568, 0.745866, 0.157105, 10.1747, 14.6243, 4.05052, -0.077361, -0.450367, -0.038545, -8.24832, 51.9243, -14.145, -6.49629, 0.934078, 1.81494, 0.125491, 
2.5, -0.4, -0.121135, 0.507482, -0.133615, 0.531443, 0.521501, 0.155398, 0.738582, 0.745843, 0.157105, 10.1747, 14.6243, 4.05052, -0.077361, -0.450367, -0.038545, -8.24832, 51.9243, -14.145, -6.49629, 0.934078, 1.81494, 0.125491, 
2.5, -0.4, -0.121135, 0.507482, -0.133615, 0.531443, 0.521501, 0.155398, 0.73858, 0.745853, 0.157092, 10.1747, 14.6243, 4.05052, -0.077361, -0.450367, -0.038545, -8.24832, 51.9243, -14.145, -6.49629, 0.934078, 1.81494, 0.125491, 
2.5, -0.4, -0.121135, 0.507482, -0.133615, 0.531443, 0.521501, 0.155398, 0.738575, 0.745855, 0.157096, 10.1747, 14.6243, 4.05052, -0.077361, -0.450367, -0.038545, -8.24832, 51.9243, -14.145, -6.49629, 0.934078, 1.81494, 0.125491, 
2.5, -0.4, -0.121135, 0.507482, -0.133615, 0.531443, 0.521501, 0.155398, 0.738572, 0.745864, 0.157098, 10.1747, 14.6243, 4.05052, -0.077361, -0.450367, -0.038545, -8.24832, 51.9243, -14.145, -6.49629, 0.934078, 1.81494, 0.125491, 
2.5, -0.4, -0.121135, 0.507482, -0.133615, 0.531443, 0.521501, 0.155398, 0.738569, 0.745851, 0.157115, 10.1747, 14.6243, 4.05052, -0.077361, -0.450367, -0.038545, -8.24832, 51.9243, -14.145, -6.49629, 0.934078, 1.81494, 0.125491, 
2.5, -0.4, -0.121135, 0.507482, -0.133615, 0.531443, 0.521501, 0.155398, 0.738557, 0.745916, 0.157192, 10.1747, 14.6243, 4.05052, -0.077361, -0.450367, -0.038545, -8.24832, 51.9243, -14.145, -6.49629, 0.934078, 1.81494, 0.125491, 
2.5, -0.4, -0.121135, 0.507482, -0.133615, 0.531443, 0.521501, 0.155398, 0.738608, 0.745819, 0.157083, 10.1747, 14.6243, 4.05052, -0.077361, -0.450367, -0.038545, -8.24832, 51.9243, -14.145, -6.49629, 0.934078, 1.81494, 0.125491, 
2.5, -0.4, -0.121135, 0.507482, -0.133615, 0.531443, 0.521501, 0.155398, 0.738666, 0.745865, 0.1567, 10.1747, 14.6243, 4.05052, -0.077361, -0.450367, -0.038545, -8.24832, 51.9243, -14.145, -6.49629, 0.934078, 1.81494, 0.125491, 
2.5, -0.4, -0.121135, 0.507482, -0.133615, 0.531443, 0.521501, 0.155398, 0.738588, 0.745836, 0.157098, 10.1747, 14.6243, 4.05052, -0.077361, -0.450367, -0.038545, -8.24832, 51.9243, -14.145, -6.49629, 0.934078, 1.81494, 0.125491, 
2.5, -0.4, -0.121135, 0.507482, -0.133615, 0.531443, 0.521501, 0.155398, 0.73856, 0.745912, 0.157187, 10.1747, 14.6243, 4.05052, -0.077361, -0.450367, -0.038545, -8.24832, 51.9243, -14.145, -6.49629, 0.934078, 1.81494, 0.125491, 
2.5, -0.4, -0.121135, 0.507482, -0.133615, 0.531443, 0.521501, 0.155398, 0.738611, 0.745926, 0.157067, 10.1747, 14.6243, 4.05052, -0.077361, -0.450367, -0.038545, -8.24832, 51.9243, -14.145, -6.49629, 0.934078, 1.81494, 0.125491, 
2.5, -0.4, -0.121135, 0.507482, -0.133615, 0.531443, 0.521501, 0.155398, 0.738605, 0.745918, 0.157076, 10.1747, 14.6243, 4.05052, -0.077361, -0.450367, -0.038545, -8.24832, 51.9243, -14.145, -6.49629, 0.934078, 1.81494, 0.125491, 
2.5, -0.4, -0.121135, 0.507482, -0.133615, 0.531443, 0.521501, 0.155398, 0.738626, 0.745915, 0.157085, 10.1747, 14.6243, 4.05052, -0.077361, -0.450367, -0.038545, -8.24832, 51.9243, -14.145, -6.49629, 0.934078, 1.81494, 0.125491, 
2.5, -0.4, -0.121135, 0.507482, -0.133615, 0.531443, 0.521501, 0.155398, 0.73861, 0.745913, 0.157074, 10.1747, 14.6243, 4.05052, -0.077361, -0.450367, -0.038545, -8.24832, 51.9243, -14.145, -6.49629, 0.934078, 1.81494, 0.125491, 
2.5, -0.4, -0.121135, 0.507482, -0.133615, 0.531443, 0.521501, 0.155398, 0.738604, 0.745969, 0.157172, 10.1747, 14.6243, 4.05052, -0.077361, -0.450367, -0.038545, -8.24832, 51.9243, -14.145, -6.49629, 0.934078, 1.81494, 0.125491, 
2.5, -0.4, -0.121135, 0.507482, -0.133615, 0.531443, 0.521501, 0.155398, 0.738606, 0.745912, 0.157073, 10.1747, 14.6243, 4.05052, -0.077361, -0.450367, -0.038545, -8.24832, 51.9243, -14.145, -6.49629, 0.934078, 1.81494, 0.125491, 
2.5, -0.4, -0.121135, 0.507482, -0.133615, 0.531443, 0.521501, 0.155398, 0.738626, 0.745921, 0.157066, 10.1747, 14.6243, 4.05052, -0.077361, -0.450367, -0.038545, -8.24832, 51.9243, -14.145, -6.49629, 0.934078, 1.81494, 0.125491, 
2.5, -0.4, -0.121135, 0.507482, -0.133615, 0.531443, 0.521501, 0.155398, 0.738703, 0.745921, 0.156699, 10.1747, 14.6243, 4.05052, -0.077361, -0.450367, -0.038545, -8.24832, 51.9243, -14.145, -6.49629, 0.934078, 1.81494, 0.125491, 
2.5, -0.4, -0.121135, 0.507482, -0.133615, 0.531443, 0.521501, 0.155398, 0.738597, 0.745919, 0.157092, 10.1747, 14.6243, 4.05052, -0.077361, -0.450367, -0.038545, -8.24832, 51.9243, -14.145, -6.49629, 0.934078, 1.81494, 0.125491, 
2.5, -0.4, -0.121135, 0.507482, -0.133615, 0.531443, 0.521501, 0.155398, 0.738732, 0.745909, 0.156693, 10.1747, 14.6243, 4.05052, -0.077361, -0.450367, -0.038545, -8.24832, 51.9243, -14.145, -6.49629, 0.934078, 1.81494, 0.125491, 
2.5, -0.4, -0.121135, 0.507482, -0.133615, 0.531443, 0.521501, 0.155398, 0.738598, 0.745919, 0.157097, 10.1747, 14.6243, 4.05052, -0.077361, -0.450367, -0.038545, -8.24832, 51.9243, -14.145, -6.49629, 0.934078, 1.81494, 0.125491, 
2.5, -0.4, -0.121135, 0.507482, -0.133615, 0.531443, 0.521501, 0.155398, 0.738598, 0.745929, 0.157083, 10.1747, 14.6243, 4.05052, -0.077361, -0.450367, -0.038545, -8.24832, 51.9243, -14.145, -6.49629, 0.934078, 1.81494, 0.125491, 
2.5, -0.4, -0.121135, 0.507482, -0.133615, 0.531443, 0.521501, 0.155398, 0.738604, 0.745909, 0.157096, 10.1747, 14.6243, 4.05052, -0.077361, -0.450367, -0.038545, -8.24832, 51.9243, -14.145, -6.49629, 0.934078, 1.81494, 0.125491, 
2.5, -0.4, -0.121135, 0.507482, -0.133615, 0.531443, 0.521501, 0.155398, 0.738593, 0.745834, 0.157051, 10.1747, 14.6243, 4.05052, -0.077361, -0.450367, -0.038545, -8.24832, 51.9243, -14.145, -6.49629, 0.934078, 1.81494, 0.125491, 
2.5, -0.4, -0.121135, 0.507482, -0.133615, 0.531443, 0.521501, 0.155398, 0.738601, 0.745833, 0.157073, 10.1747, 14.6243, 4.05052, -0.077361, -0.450367, -0.038545, -8.24832, 51.9243, -14.145, -6.49629, 0.934078, 1.81494, 0.125491, 
2.5, -0.4, -0.121135, 0.507482, -0.133615, 0.531443, 0.521501, 0.155398, 0.738559, 0.745871, 0.157054, 10.1747, 14.6243, 4.05052, -0.077361, -0.450367, -0.038545, -8.24832, 51.9243, -14.145, -6.49629, 0.934078, 1.81494, 0.125491, 
2.5, -0.4, -0.121135, 0.507482, -0.133615, 0.531443, 0.521501, 0.155398, 0.738551, 0.745877, 0.157083, 10.1747, 14.6243, 4.05052, -0.077361, -0.450367, -0.038545, -8.24832, 51.9243, -14.145, -6.49629, 0.934078, 1.81494, 0.125491, 
2.5, -0.4, -0.121135, 0.507482, -0.133615, 0.531443, 0.521501, 0.155398, 0.738672, 0.745883, 0.156684, 10.1747, 14.6243, 4.05052, -0.077361, -0.450367, -0.038545, -8.24832, 51.9243, -14.145, -6.49629, 0.934078, 1.81494, 0.125491, 
2.5, -0.4, -0.121135, 0.507482, -0.133615, 0.531443, 0.521501, 0.155398, 0.738561, 0.745887, 0.157059, 10.1747, 14.6243, 4.05052, -0.077361, -0.450367, -0.038545, -8.24832, 51.9243, -14.145, -6.49629, 0.934078, 1.81494, 0.125491, 
2.5, -0.4, -0.121135, 0.507482, -0.133615, 0.531443, 0.521501, 0.155398, 0.73854, 0.745901, 0.157077, 10.1747, 14.6243, 4.05052, -0.077361, -0.450367, -0.038545, -8.24832, 51.9243, -14.145, -6.49629, 0.934078, 1.81494, 0.125491, 
2.5, -0.4, -0.121135, 0.507482, -0.133615, 0.531443, 0.521501, 0.155398, 0.738532, 0.745961, 0.157179, 10.1747, 14.6243, 4.05052, -0.077361, -0.450367, -0.038545, -8.24832, 51.9243, -14.145, -6.49629, 0.934078, 1.81494, 0.125491, 
2.5, -0.4, -0.121135, 0.507482, -0.133615, 0.531443, 0.521501, 0.155398, 0.738527, 0.74592, 0.157056, 10.1747, 14.6243, 4.05052, -0.077361, -0.450367, -0.038545, -8.24832, 51.9243, -14.145, -6.49629, 0.934078, 1.81494, 0.125491, 
2.5, -0.4, -0.121135, 0.507482, -0.133615, 0.531443, 0.521501, 0.155398, 0.738532, 0.745902, 0.157059, 10.1747, 14.6243, 4.05052, -0.077361, -0.450367, -0.038545, -8.24832, 51.9243, -14.145, -6.49629, 0.934078, 1.81494, 0.125491, 
2.5, -0.4, -0.121135, 0.507482, -0.133615, 0.531443, 0.521501, 0.155398, 0.738559, 0.745888, 0.157049, 10.1747, 14.6243, 4.05052, -0.077361, -0.450367, -0.038545, -8.24832, 51.9243, -14.145, -6.49629, 0.934078, 1.81494, 0.125491, 
2.5, -0.4, -0.121135, 0.507482, -0.133615, 0.531443, 0.521501, 0.155398, 0.738536, 0.745907, 0.157067, 10.1747, 14.6243, 4.05052, -0.077361, -0.450367, -0.038545, -8.24832, 51.9243, -14.145, -6.49629, 0.934078, 1.81494, 0.125491, 
2.5, -0.4, -0.121135, 0.507482, -0.133615, 0.531443, 0.521501, 0.155398, 0.738641, 0.74591, 0.156681, 10.1747, 14.6243, 4.05052, -0.077361, -0.450367, -0.038545, -8.24832, 51.9243, -14.145, -6.49629, 0.934078, 1.81494, 0.125491, 
2.5, -0.4, -0.121135, 0.507482, -0.133615, 0.531443, 0.521501, 0.155398, 0.738533, 0.745892, 0.157081, 10.1747, 14.6243, 4.05052, -0.077361, -0.450367, -0.038545, -8.24832, 51.9243, -14.145, -6.49629, 0.934078, 1.81494, 0.125491, 
2.5, -0.4, -0.121135, 0.507482, -0.133615, 0.531443, 0.521501, 0.155398, 0.738513, 0.745981, 0.157162, 10.1747, 14.6243, 4.05052, -0.077361, -0.450367, -0.038545, -8.24832, 51.9243, -14.145, -6.49629, 0.934078, 1.81494, 0.125491, 
2.5, -0.4, -0.121135, 0.507482, -0.133615, 0.531443, 0.521501, 0.155398, 0.73852, 0.745906, 0.157077, 10.1747, 14.6243, 4.05052, -0.077361, -0.450367, -0.038545, -8.24832, 51.9243, -14.145, -6.49629, 0.934078, 1.81494, 0.125491, 
2.5, -0.4, -0.121135, 0.507482, -0.133615, 0.531443, 0.521501, 0.155398, 0.738537, 0.745908, 0.15707, 10.1747, 14.6243, 4.05052, -0.077361, -0.450367, -0.038545, -8.24832, 51.9243, -14.145, -6.49629, 0.934078, 1.81494, 0.125491, 
2.5, -0.4, -0.121135, 0.507482, -0.133615, 0.531443, 0.521501, 0.155398, 0.738545, 0.745915, 0.157073, 10.1747, 14.6243, 4.05052, -0.077361, -0.450367, -0.038545, -8.24832, 51.9243, -14.145, -6.49629, 0.934078, 1.81494, 0.125491, 
2.5, -0.4, -0.121135, 0.507482, -0.133615, 0.531443, 0.521501, 0.155398, 0.738544, 0.745911, 0.157067, 10.1747, 14.6243, 4.05052, -0.077361, -0.450367, -0.038545, -8.24832, 51.9243, -14.145, -6.49629, 0.934078, 1.81494, 0.125491, 
2.5, -0.4, -0.121135, 0.507482, -0.133615, 0.531443, 0.521501, 0.155398, 0.738563, 0.7459, 0.157077, 10.1747, 14.6243, 4.05052, -0.077361, -0.450367, -0.038545, -8.24832, 51.9243, -14.145, -6.49629, 0.934078, 1.81494, 0.125491, 
2.5, -0.4, -0.121135, 0.507482, -0.133615, 0.531443, 0.521501, 0.155398, 0.738526, 0.745899, 0.157077, 10.1747, 14.6243, 4.05052, -0.077361, -0.450367, -0.038545, -8.24832, 51.9243, -14.145, -6.49629, 0.934078, 1.81494, 0.125491, 
2.5, -0.4, -0.121135, 0.507482, -0.133615, 0.531443, 0.521501, 0.155398, 0.738532, 0.745906, 0.157086, 10.1747, 14.6243, 4.05052, -0.077361, -0.450367, -0.038545, -8.24832, 51.9243, -14.145, -6.49629, 0.934078, 1.81494, 0.125491, 
2.5, -0.4, -0.121135, 0.507482, -0.133615, 0.531443, 0.521501, 0.155398, 0.738511, 0.745983, 0.157184, 10.1747, 14.6243, 4.05052, -0.077361, -0.450367, -0.038545, -8.24832, 51.9243, -14.145, -6.49629, 0.934078, 1.81494, 0.125491, 
2.5, -0.4, -0.121135, 0.507482, -0.133615, 0.531443, 0.521501, 0.155398, 0.738535, 0.745908, 0.157085, 10.1747, 14.6243, 4.05052, -0.077361, -0.450367, -0.038545, -8.24832, 51.9243, -14.145, -6.49629, 0.934078, 1.81494, 0.125491, 
2.5, -0.4, -0.121135, 0.507482, -0.133615, 0.531443, 0.521501, 0.155398, 0.738537, 0.745925, 0.15705, 10.1747, 14.6243, 4.05052, -0.077361, -0.450367, -0.038545, -8.24832, 51.9243, -14.145, -6.49629, 0.934078, 1.81494, 0.125491, 
2.5, -0.4, -0.121135, 0.507482, -0.133615, 0.531443, 0.521501, 0.155398, 0.738549, 0.745923, 0.157044, 10.1747, 14.6243, 4.05052, -0.077361, -0.450367, -0.038545, -8.24832, 51.9243, -14.145, -6.49629, 0.934078, 1.81494, 0.125491, 
2.5, -0.4, -0.121135, 0.507482, -0.133615, 0.531443, 0.521501, 0.155398, 0.738549, 0.745917, 0.157058, 10.1747, 14.6243, 4.05052, -0.077361, -0.450367, -0.038545, -8.24832, 51.9243, -14.145, -6.49629, 0.934078, 1.81494, 0.125491, 
2.5, -0.4, -0.121135, 0.507482, -0.133615, 0.531443, 0.521501, 0.155398, 0.738535, 0.745911, 0.157068, 10.1747, 14.6243, 4.05052, -0.077361, -0.450367, -0.038545, -8.24832, 51.9243, -14.145, -6.49629, 0.934078, 1.81494, 0.125491, 
2.5, -0.4, -0.121135, 0.507482, -0.133615, 0.531443, 0.521501, 0.155398, 0.738537, 0.745916, 0.157078, 10.1747, 14.6243, 4.05052, -0.077361, -0.450367, -0.038545, -8.24832, 51.9243, -14.145, -6.49629, 0.934078, 1.81494, 0.125491, 
2.5, -0.4, -0.121135, 0.507482, -0.133615, 0.531443, 0.521501, 0.155398, 0.738547, 0.745915, 0.157065, 10.1747, 14.6243, 4.05052, -0.077361, -0.450367, -0.038545, -8.24832, 51.9243, -14.145, -6.49629, 0.934078, 1.81494, 0.125491, 
2.5, -0.4, -0.121135, 0.507482, -0.133615, 0.531443, 0.521501, 0.155398, 0.738536, 0.745956, 0.157167, 10.1747, 14.6243, 4.05052, -0.077361, -0.450367, -0.038545, -8.24832, 51.9243, -14.145, -6.49629, 0.934078, 1.81494, 0.125491, 
2.5, -0.4, -0.121135, 0.507482, -0.133615, 0.531443, 0.521501, 0.155398, 0.738536, 0.745904, 0.157072, 10.1747, 14.6243, 4.05052, -0.077361, -0.450367, -0.038545, -8.24832, 51.9243, -14.145, -6.49629, 0.934078, 1.81494, 0.125491, 
2.5, -0.4, -0.121135, 0.507482, -0.133615, 0.531443, 0.521501, 0.155398, 0.73854, 0.745923, 0.157067, 10.1747, 14.6243, 4.05052, -0.077361, -0.450367, -0.038545, -8.24832, 51.9243, -14.145, -6.49629, 0.934078, 1.81494, 0.125491, 
2.5, -0.4, -0.121135, 0.507482, -0.133615, 0.531443, 0.521501, 0.155398, 0.738547, 0.745915, 0.157081, 10.1747, 14.6243, 4.05052, -0.077361, -0.450367, -0.038545, -8.24832, 51.9243, -14.145, -6.49629, 0.934078, 1.81494, 0.125491, 
2.5, -0.4, -0.121135, 0.507482, -0.133615, 0.531443, 0.521501, 0.155398, 0.738544, 0.745909, 0.157078, 10.1747, 14.6243, 4.05052, -0.077361, -0.450367, -0.038545, -8.24832, 51.9243, -14.145, -6.49629, 0.934078, 1.81494, 0.125491, 
2.5, -0.4, -0.121135, 0.507482, -0.133615, 0.531443, 0.521501, 0.155398, 0.738532, 0.745922, 0.157066, 10.1747, 14.6243, 4.05052, -0.077361, -0.450367, -0.038545, -8.24832, 51.9243, -14.145, -6.49629, 0.934078, 1.81494, 0.125491, 
2.5, -0.4, -0.121135, 0.507482, -0.133615, 0.531443, 0.521501, 0.155398, 0.738528, 0.745927, 0.157071, 10.1747, 14.6243, 4.05052, -0.077361, -0.450367, -0.038545, -8.24832, 51.9243, -14.145, -6.49629, 0.934078, 1.81494, 0.125491, 
2.5, -0.4, -0.121135, 0.507482, -0.133615, 0.531443, 0.521501, 0.155398, 0.738523, 0.745901, 0.157088, 10.1747, 14.6243, 4.05052, -0.077361, -0.450367, -0.038545, -8.24832, 51.9243, -14.145, -6.49629, 0.934078, 1.81494, 0.125491, 
2.5, -0.4, -0.121135, 0.507482, -0.133615, 0.531443, 0.521501, 0.155398, 0.73852, 0.745911, 0.15708, 10.1747, 14.6243, 4.05052, -0.077361, -0.450367, -0.038545, -8.24832, 51.9243, -14.145, -6.49629, 0.934078, 1.81494, 0.125491, 
2.5, -0.4, -0.121135, 0.507482, -0.133615, 0.531443, 0.521501, 0.155398, 0.738524, 0.745907, 0.157092, 10.1747, 14.6243, 4.05052, -0.077361, -0.450367, -0.038545, -8.24832, 51.9243, -14.145, -6.49629, 0.934078, 1.81494, 0.125491, 
2.5, -0.4, -0.121135, 0.507482, -0.133615, 0.531443, 0.521501, 0.155398, 0.738535, 0.745905, 0.15708, 10.1747, 14.6243, 4.05052, -0.077361, -0.450367, -0.038545, -8.24832, 51.9243, -14.145, -6.49629, 0.934078, 1.81494, 0.125491, 
2.5, -0.4, -0.121135, 0.507482, -0.133615, 0.531443, 0.521501, 0.155398, 0.738528, 0.745912, 0.157084, 10.1747, 14.6243, 4.05052, -0.077361, -0.450367, -0.038545, -8.24832, 51.9243, -14.145, -6.49629, 0.934078, 1.81494, 0.125491, 
2.5, -0.4, -0.121135, 0.507482, -0.133615, 0.531443, 0.521501, 0.155398, 0.738537, 0.745928, 0.157075, 10.1747, 14.6243, 4.05052, -0.077361, -0.450367, -0.038545, -8.24832, 51.9243, -14.145, -6.49629, 0.934078, 1.81494, 0.125491, 
2.5, -0.4, -0.121135, 0.507482, -0.133615, 0.531443, 0.521501, 0.155398, 0.738528, 0.745825, 0.1571, 10.1747, 14.6243, 4.05052, -0.077361, -0.450367, -0.038545, -8.24832, 51.9243, -14.145, -6.49629, 0.934078, 1.81494, 0.125491, 
2.5, -0.4, -0.121135, 0.507482, -0.133615, 0.531443, 0.521501, 0.155398, 0.738522, 0.74583, 0.157118, 10.1747, 14.6243, 4.05052, -0.077361, -0.450367, -0.038545, -8.24832, 51.9243, -14.145, -6.49629, 0.934078, 1.81494, 0.125491, 
2.5, -0.4, -0.121135, 0.507482, -0.133615, 0.531443, 0.521501, 0.155398, 0.738523, 0.74582, 0.157085, 10.1747, 14.6243, 4.05052, -0.077361, -0.450367, -0.038545, -8.24832, 51.9243, -14.145, -6.49629, 0.934078, 1.81494, 0.125491, 
2.5, -0.4, -0.121135, 0.507482, -0.133615, 0.531443, 0.521501, 0.155398, 0.738498, 0.745906, 0.15721, 10.1747, 14.6243, 4.05052, -0.077361, -0.450367, -0.038545, -8.24832, 51.9243, -14.145, -6.49629, 0.934078, 1.81494, 0.125491, 
2.5, -0.4, -0.121135, 0.507482, -0.133615, 0.531443, 0.521501, 0.155398, 0.738499, 0.745842, 0.157091, 10.1747, 14.6243, 4.05052, -0.077361, -0.450367, -0.038545, -8.24832, 51.9243, -14.145, -6.49629, 0.934078, 1.81494, 0.125491, 
2.5, -0.4, -0.121135, 0.507482, -0.133615, 0.531443, 0.521501, 0.155398, 0.738505, 0.745858, 0.157079, 10.1747, 14.6243, 4.05052, -0.077361, -0.450367, -0.038545, -8.24832, 51.9243, -14.145, -6.49629, 0.934078, 1.81494, 0.125491, 
2.5, -0.4, -0.121135, 0.507482, -0.133615, 0.531443, 0.521501, 0.155398, 0.738504, 0.745861, 0.157079, 10.1747, 14.6243, 4.05052, -0.077361, -0.450367, -0.038545, -8.24832, 51.9243, -14.145, -6.49629, 0.934078, 1.81494, 0.125491, 
2.5, -0.4, -0.121135, 0.507482, -0.133615, 0.531443, 0.521501, 0.155398, 0.738525, 0.745857, 0.157079, 10.1747, 14.6243, 4.05052, -0.077361, -0.450367, -0.038545, -8.24832, 51.9243, -14.145, -6.49629, 0.934078, 1.81494, 0.125491, 
2.5, -0.4, -0.121135, 0.507482, -0.133615, 0.531443, 0.521501, 0.155398, 0.738513, 0.745869, 0.157077, 10.1747, 14.6243, 4.05052, -0.077361, -0.450367, -0.038545, -8.24832, 51.9243, -14.145, -6.49629, 0.934078, 1.81494, 0.125491, 
2.5, -0.4, -0.121135, 0.507482, -0.133615, 0.531443, 0.521501, 0.155398, 0.738465, 0.745892, 0.157076, 10.1747, 14.6243, 4.05052, -0.077361, -0.450367, -0.038545, -8.24832, 51.9243, -14.145, -6.49629, 0.934078, 1.81494, 0.125491, 
2.5, -0.4, -0.121135, 0.507482, -0.133615, 0.531443, 0.521501, 0.155398, 0.73847, 0.745878, 0.157087, 10.1747, 14.6243, 4.05052, -0.077361, -0.450367, -0.038545, -8.24832, 51.9243, -14.145, -6.49629, 0.934078, 1.81494, 0.125491, 
2.5, -0.4, -0.121135, 0.507482, -0.133615, 0.531443, 0.521501, 0.155398, 0.738452, 0.745951, 0.157187, 10.1747, 14.6243, 4.05052, -0.077361, -0.450367, -0.038545, -8.24832, 51.9243, -14.145, -6.49629, 0.934078, 1.81494, 0.125491, 
2.5, -0.4, -0.121135, 0.507482, -0.133615, 0.531443, 0.521501, 0.155398, 0.738466, 0.745899, 0.157072, 10.1747, 14.6243, 4.05052, -0.077361, -0.450367, -0.038545, -8.24832, 51.9243, -14.145, -6.49629, 0.934078, 1.81494, 0.125491, 
2.5, -0.4, -0.121135, 0.507482, -0.133615, 0.531443, 0.521501, 0.155398, 0.738495, 0.745883, 0.157073, 10.1747, 14.6243, 4.05052, -0.077361, -0.450367, -0.038545, -8.24832, 51.9243, -14.145, -6.49629, 0.934078, 1.81494, 0.125491, 
2.5, -0.4, -0.121135, 0.507482, -0.133615, 0.531443, 0.521501, 0.155398, 0.738489, 0.745892, 0.157047, 10.1747, 14.6243, 4.05052, -0.077361, -0.450367, -0.038545, -8.24832, 51.9243, -14.145, -6.49629, 0.934078, 1.81494, 0.125491, 
2.5, -0.4, -0.121135, 0.507482, -0.133615, 0.531443, 0.521501, 0.155398, 0.738474, 0.745895, 0.157073, 10.1747, 14.6243, 4.05052, -0.077361, -0.450367, -0.038545, -8.24832, 51.9243, -14.145, -6.49629, 0.934078, 1.81494, 0.125491, 
2.5, -0.4, -0.121135, 0.507482, -0.133615, 0.531443, 0.521501, 0.155398, 0.738469, 0.745901, 0.157076, 10.1747, 14.6243, 4.05052, -0.077361, -0.450367, -0.038545, -8.24832, 51.9243, -14.145, -6.49629, 0.934078, 1.81494, 0.125491, 
2.5, -0.4, -0.121135, 0.507482, -0.133615, 0.531443, 0.521501, 0.155398, 0.738467, 0.745896, 0.157082, 10.1747, 14.6243, 4.05052, -0.077361, -0.450367, -0.038545, -8.24832, 51.9243, -14.145, -6.49629, 0.934078, 1.81494, 0.125491, 
2.5, -0.4, -0.121135, 0.507482, -0.133615, 0.531443, 0.521501, 0.155398, 0.738456, 0.74591, 0.157074, 10.1747, 14.6243, 4.05052, -0.077361, -0.450367, -0.038545, -8.24832, 51.9243, -14.145, -6.49629, 0.934078, 1.81494, 0.125491, 
2.5, -0.4, -0.121135, 0.507482, -0.133615, 0.531443, 0.521501, 0.155398, 0.738456, 0.745903, 0.157068, 10.1747, 14.6243, 4.05052, -0.077361, -0.450367, -0.038545, -8.24832, 51.9243, -14.145, -6.49629, 0.934078, 1.81494, 0.125491, 
2.5, -0.4, -0.121135, 0.507482, -0.133615, 0.531443, 0.521501, 0.155398, 0.738481, 0.745892, 0.157055, 10.1747, 14.6243, 4.05052, -0.077361, -0.450367, -0.038545, -8.24832, 51.9243, -14.145, -6.49629, 0.934078, 1.81494, 0.125491, 
2.5, -0.4, -0.121135, 0.507482, -0.133615, 0.531443, 0.521501, 0.155398, 0.73846, 0.745884, 0.157072, 10.1747, 14.6243, 4.05052, -0.077361, -0.450367, -0.038545, -8.24832, 51.9243, -14.145, -6.49629, 0.934078, 1.81494, 0.125491, 
2.5, -0.4, -0.121135, 0.507482, -0.133615, 0.531443, 0.521501, 0.155398, 0.738458, 0.745905, 0.157056, 10.1747, 14.6243, 4.05052, -0.077361, -0.450367, -0.038545, -8.24832, 51.9243, -14.145, -6.49629, 0.934078, 1.81494, 0.125491, 
2.5, -0.4, -0.121135, 0.507482, -0.133615, 0.531443, 0.521501, 0.155398, 0.738464, 0.74591, 0.157057, 10.1747, 14.6243, 4.05052, -0.077361, -0.450367, -0.038545, -8.24832, 51.9243, -14.145, -6.49629, 0.934078, 1.81494, 0.125491, 
2.5, -0.4, -0.121135, 0.507482, -0.133615, 0.531443, 0.521501, 0.155398, 0.738473, 0.745898, 0.157039, 10.1747, 14.6243, 4.05052, -0.077361, -0.450367, -0.038545, -8.24832, 51.9243, -14.145, -6.49629, 0.934078, 1.81494, 0.125491, 
2.5, -0.4, -0.121135, 0.507482, -0.133615, 0.531443, 0.521501, 0.155398, 0.738442, 0.745975, 0.157152, 10.1747, 14.6243, 4.05052, -0.077361, -0.450367, -0.038545, -8.24832, 51.9243, -14.145, -6.49629, 0.934078, 1.81494, 0.125491, 
2.5, -0.4, -0.121135, 0.507482, -0.133615, 0.531443, 0.521501, 0.155398, 0.738448, 0.745909, 0.157061, 10.1747, 14.6243, 4.05052, -0.077361, -0.450367, -0.038545, -8.24832, 51.9243, -14.145, -6.49629, 0.934078, 1.81494, 0.125491, 
2.5, -0.4, -0.121135, 0.507482, -0.133615, 0.531443, 0.521501, 0.155398, 0.738453, 0.745905, 0.157058, 10.1747, 14.6243, 4.05052, -0.077361, -0.450367, -0.038545, -8.24832, 51.9243, -14.145, -6.49629, 0.934078, 1.81494, 0.125491, 
2.5, -0.4, -0.121135, 0.507482, -0.133615, 0.531443, 0.521501, 0.155398, 0.738469, 0.745902, 0.157066, 10.1747, 14.6243, 4.05052, -0.077361, -0.450367, -0.038545, -8.24832, 51.9243, -14.145, -6.49629, 0.934078, 1.81494, 0.125491, 
2.5, -0.4, -0.121135, 0.507482, -0.133615, 0.531443, 0.521501, 0.155398, 0.738449, 0.745895, 0.157072, 10.1747, 14.6243, 4.05052, -0.077361, -0.450367, -0.038545, -8.24832, 51.9243, -14.145, -6.49629, 0.934078, 1.81494, 0.125491, 
2.5, -0.4, -0.121135, 0.507482, -0.133615, 0.531443, 0.521501, 0.155398, 0.738467, 0.745894, 0.157056, 10.1747, 14.6243, 4.05052, -0.077361, -0.450367, -0.038545, -8.24832, 51.9243, -14.145, -6.49629, 0.934078, 1.81494, 0.125491, 
2.5, -0.4, -0.121135, 0.507482, -0.133615, 0.531443, 0.521501, 0.155398, 0.738451, 0.745901, 0.157076, 10.1747, 14.6243, 4.05052, -0.077361, -0.450367, -0.038545, -8.24832, 51.9243, -14.145, -6.49629, 0.934078, 1.81494, 0.125491, 
2.5, -0.4, -0.121135, 0.507482, -0.133615, 0.531443, 0.521501, 0.155398, 0.738448, 0.745911, 0.157058, 10.1747, 14.6243, 4.05052, -0.077361, -0.450367, -0.038545, -8.24832, 51.9243, -14.145, -6.49629, 0.934078, 1.81494, 0.125491, 
2.5, -0.4, -0.121135, 0.507482, -0.133615, 0.531443, 0.521501, 0.155398, 0.738456, 0.745909, 0.157065, 10.1747, 14.6243, 4.05052, -0.077361, -0.450367, -0.038545, -8.24832, 51.9243, -14.145, -6.49629, 0.934078, 1.81494, 0.125491, 
2.5, -0.4, -0.121135, 0.507482, -0.133615, 0.531443, 0.521501, 0.155398, 0.738444, 0.745914, 0.157078, 10.1747, 14.6243, 4.05052, -0.077361, -0.450367, -0.038545, -8.24832, 51.9243, -14.145, -6.49629, 0.934078, 1.81494, 0.125491, 
2.5, -0.4, -0.121135, 0.507482, -0.133615, 0.531443, 0.521501, 0.155398, 0.738462, 0.745876, 0.157068, 10.1747, 14.6243, 4.05052, -0.077361, -0.450367, -0.038545, -8.24832, 51.9243, -14.145, -6.49629, 0.934078, 1.81494, 0.125491, 
2.5, -0.4, -0.121135, 0.507482, -0.133615, 0.531443, 0.521501, 0.155398, 0.738453, 0.745898, 0.157087, 10.1747, 14.6243, 4.05052, -0.077361, -0.450367, -0.038545, -8.24832, 51.9243, -14.145, -6.49629, 0.934078, 1.81494, 0.125491, 
2.5, -0.4, -0.121135, 0.507482, -0.133615, 0.531443, 0.521501, 0.155398, 0.738453, 0.745911, 0.157054, 10.1747, 14.6243, 4.05052, -0.077361, -0.450367, -0.038545, -8.24832, 51.9243, -14.145, -6.49629, 0.934078, 1.81494, 0.125491, 
2.5, -0.4, -0.121135, 0.507482, -0.133615, 0.531443, 0.521501, 0.155398, 0.738457, 0.745901, 0.157071, 10.1747, 14.6243, 4.05052, -0.077361, -0.450367, -0.038545, -8.24832, 51.9243, -14.145, -6.49629, 0.934078, 1.81494, 0.125491, 
2.5, -0.4, -0.121135, 0.507482, -0.133615, 0.531443, 0.521501, 0.155398, 0.738453, 0.745901, 0.157069, 10.1747, 14.6243, 4.05052, -0.077361, -0.450367, -0.038545, -8.24832, 51.9243, -14.145, -6.49629, 0.934078, 1.81494, 0.125491, 
2.5, -0.4, -0.121135, 0.507482, -0.133615, 0.531443, 0.521501, 0.155398, 0.738456, 0.745904, 0.157072, 10.1747, 14.6243, 4.05052, -0.077361, -0.450367, -0.038545, -8.24832, 51.9243, -14.145, -6.49629, 0.934078, 1.81494, 0.125491, 
2.5, -0.4, -0.121135, 0.507482, -0.133615, 0.531443, 0.521501, 0.155398, 0.738454, 0.745909, 0.157056, 10.1747, 14.6243, 4.05052, -0.077361, -0.450367, -0.038545, -8.24832, 51.9243, -14.145, -6.49629, 0.934078, 1.81494, 0.125491, 
2.5, -0.4, -0.121135, 0.507482, -0.133615, 0.531443, 0.521501, 0.155398, 0.738459, 0.745901, 0.157077, 10.1747, 14.6243, 4.05052, -0.077361, -0.450367, -0.038545, -8.24832, 51.9243, -14.145, -6.49629, 0.934078, 1.81494, 0.125491, 
2.5, -0.4, -0.121135, 0.507482, -0.133615, 0.531443, 0.521501, 0.155398, 0.738481, 0.745882, 0.157059, 10.1747, 14.6243, 4.05052, -0.077361, -0.450367, -0.038545, -8.24832, 51.9243, -14.145, -6.49629, 0.934078, 1.81494, 0.125491, 
2.5, -0.4, -0.121135, 0.507482, -0.133615, 0.531443, 0.521501, 0.155398, 0.738451, 0.745898, 0.157067, 10.1747, 14.6243, 4.05052, -0.077361, -0.450367, -0.038545, -8.24832, 51.9243, -14.145, -6.49629, 0.934078, 1.81494, 0.125491, 
2.5, -0.4, -0.121135, 0.507482, -0.133615, 0.531443, 0.521501, 0.155398, 0.738455, 0.745898, 0.157068, 10.1747, 14.6243, 4.05052, -0.077361, -0.450367, -0.038545, -8.24832, 51.9243, -14.145, -6.49629, 0.934078, 1.81494, 0.125491, 
2.5, -0.4, -0.121135, 0.507482, -0.133615, 0.531443, 0.521501, 0.155398, 0.738459, 0.745898, 0.157057, 10.1747, 14.6243, 4.05052, -0.077361, -0.450367, -0.038545, -8.24832, 51.9243, -14.145, -6.49629, 0.934078, 1.81494, 0.125491, 
2.5, -0.4, -0.121135, 0.507482, -0.133615, 0.531443, 0.521501, 0.155398, 0.73845, 0.74591, 0.157043, 10.1747, 14.6243, 4.05052, -0.077361, -0.450367, -0.038545, -8.24832, 51.9243, -14.145, -6.49629, 0.934078, 1.81494, 0.125491, 
2.5, -0.4, -0.121135, 0.507482, -0.133615, 0.531443, 0.521501, 0.155398, 0.738468, 0.74589, 0.157063, 10.1747, 14.6243, 4.05052, -0.077361, -0.450367, -0.038545, -8.24832, 51.9243, -14.145, -6.49629, 0.934078, 1.81494, 0.125491, 
2.5, -0.4, -0.121135, 0.507482, -0.133615, 0.531443, 0.521501, 0.155398, 0.738438, 0.745909, 0.157064, 10.1747, 14.6243, 4.05052, -0.077361, -0.450367, -0.038545, -8.24832, 51.9243, -14.145, -6.49629, 0.934078, 1.81494, 0.125491, 
2.5, -0.4, -0.121135, 0.507482, -0.133615, 0.531443, 0.521501, 0.155398, 0.738448, 0.745965, 0.157152, 10.1747, 14.6243, 4.05052, -0.077361, -0.450367, -0.038545, -8.24832, 51.9243, -14.145, -6.49629, 0.934078, 1.81494, 0.125491, 
2.5, -0.4, -0.121135, 0.507482, -0.133615, 0.531443, 0.521501, 0.155398, 0.738475, 0.745891, 0.15707, 10.1747, 14.6243, 4.05052, -0.077361, -0.450367, -0.038545, -8.24832, 51.9243, -14.145, -6.49629, 0.934078, 1.81494, 0.125491, 
2.5, -0.4, -0.121135, 0.507482, -0.133615, 0.531443, 0.521501, 0.155398, 0.738452, 0.745901, 0.157067, 10.1747, 14.6243, 4.05052, -0.077361, -0.450367, -0.038545, -8.24832, 51.9243, -14.145, -6.49629, 0.934078, 1.81494, 0.125491, 
2.5, -0.4, -0.121135, 0.507482, -0.133615, 0.531443, 0.521501, 0.155398, 0.738495, 0.74589, 0.157064, 10.1747, 14.6243, 4.05052, -0.077361, -0.450367, -0.038545, -8.24832, 51.9243, -14.145, -6.49629, 0.934078, 1.81494, 0.125491, 
2.5, -0.4, -0.121135, 0.507482, -0.133615, 0.531443, 0.521501, 0.155398, 0.738466, 0.745921, 0.15705, 10.1747, 14.6243, 4.05052, -0.077361, -0.450367, -0.038545, -8.24832, 51.9243, -14.145, -6.49629, 0.934078, 1.81494, 0.125491, 
2.5, -0.4, -0.121135, 0.507482, -0.133615, 0.531443, 0.521501, 0.155398, 0.73844, 0.745914, 0.157065, 10.1747, 14.6243, 4.05052, -0.077361, -0.450367, -0.038545, -8.24832, 51.9243, -14.145, -6.49629, 0.934078, 1.81494, 0.125491, 
2.5, -0.4, -0.121135, 0.507482, -0.133615, 0.531443, 0.521501, 0.155398, 0.738439, 0.745903, 0.157079, 10.1747, 14.6243, 4.05052, -0.077361, -0.450367, -0.038545, -8.24832, 51.9243, -14.145, -6.49629, 0.934078, 1.81494, 0.125491, 
2.5, -0.4, -0.121135, 0.507482, -0.133615, 0.531443, 0.521501, 0.155398, 0.738425, 0.745958, 0.157163, 10.1747, 14.6243, 4.05052, -0.077361, -0.450367, -0.038545, -8.24832, 51.9243, -14.145, -6.49629, 0.934078, 1.81494, 0.125491, 
2.5, -0.4, -0.121135, 0.507482, -0.133615, 0.531443, 0.521501, 0.155398, 0.73845, 0.7459, 0.157058, 10.1747, 14.6243, 4.05052, -0.077361, -0.450367, -0.038545, -8.24832, 51.9243, -14.145, -6.49629, 0.934078, 1.81494, 0.125491, 
2.5, -0.4, -0.121135, 0.507482, -0.133615, 0.531443, 0.521501, 0.155398, 0.738441, 0.745912, 0.157061, 10.1747, 14.6243, 4.05052, -0.077361, -0.450367, -0.038545, -8.24832, 51.9243, -14.145, -6.49629, 0.934078, 1.81494, 0.125491, 
2.5, -0.4, -0.121135, 0.507482, -0.133615, 0.531443, 0.521501, 0.155398, 0.738468, 0.745903, 0.157063, 10.1747, 14.6243, 4.05052, -0.077361, -0.450367, -0.038545, -8.24832, 51.9243, -14.145, -6.49629, 0.934078, 1.81494, 0.125491, 
2.5, -0.4, -0.121135, 0.507482, -0.133615, 0.531443, 0.521501, 0.155398, 0.738491, 0.745908, 0.157051, 10.1747, 14.6243, 4.05052, -0.077361, -0.450367, -0.038545, -8.24832, 51.9243, -14.145, -6.49629, 0.934078, 1.81494, 0.125491, 
2.5, -0.4, -0.121135, 0.507482, -0.133615, 0.531443, 0.521501, 0.155398, 0.738481, 0.745903, 0.157058, 10.1747, 14.6243, 4.05052, -0.077361, -0.450367, -0.038545, -8.24832, 51.9243, -14.145, -6.49629, 0.934078, 1.81494, 0.125491, 
2.5, -0.4, -0.121135, 0.507482, -0.133615, 0.531443, 0.521501, 0.155398, 0.738461, 0.745909, 0.157073, 10.1747, 14.6243, 4.05052, -0.077361, -0.450367, -0.038545, -8.24832, 51.9243, -14.145, -6.49629, 0.934078, 1.81494, 0.125491, 
2.5, -0.4, -0.121135, 0.507482, -0.133615, 0.531443, 0.521501, 0.155398, 0.738447, 0.745903, 0.157082, 10.1747, 14.6243, 4.05052, -0.077361, -0.450367, -0.038545, -8.24832, 51.9243, -14.145, -6.49629, 0.934078, 1.81494, 0.125491, 
2.5, -0.4, -0.121135, 0.507482, -0.133615, 0.531443, 0.521501, 0.155398, 0.73844, 0.745959, 0.157165, 10.1747, 14.6243, 4.05052, -0.077361, -0.450367, -0.038545, -8.24832, 51.9243, -14.145, -6.49629, 0.934078, 1.81494, 0.125491, 
2.5, -0.4, -0.121135, 0.507482, -0.133615, 0.531443, 0.521501, 0.155398, 0.738438, 0.745894, 0.157077, 10.1747, 14.6243, 4.05052, -0.077361, -0.450367, -0.038545, -8.24832, 51.9243, -14.145, -6.49629, 0.934078, 1.81494, 0.125491, 
2.5, -0.4, -0.121135, 0.507482, -0.133615, 0.531443, 0.521501, 0.155398, 0.738442, 0.745911, 0.157059, 10.1747, 14.6243, 4.05052, -0.077361, -0.450367, -0.038545, -8.24832, 51.9243, -14.145, -6.49629, 0.934078, 1.81494, 0.125491, 
2.5, -0.4, -0.121135, 0.507482, -0.133615, 0.531443, 0.521501, 0.155398, 0.738444, 0.745919, 0.157062, 10.1747, 14.6243, 4.05052, -0.077361, -0.450367, -0.038545, -8.24832, 51.9243, -14.145, -6.49629, 0.934078, 1.81494, 0.125491, 
2.5, -0.4, -0.121135, 0.507482, -0.133615, 0.531443, 0.521501, 0.155398, 0.738467, 0.745926, 0.157061, 10.1747, 14.6243, 4.05052, -0.077361, -0.450367, -0.038545, -8.24832, 51.9243, -14.145, -6.49629, 0.934078, 1.81494, 0.125491, 
2.5, -0.4, -0.121135, 0.507482, -0.133615, 0.531443, 0.521501, 0.155398, 0.738482, 0.745906, 0.157069, 10.1747, 14.6243, 4.05052, -0.077361, -0.450367, -0.038545, -8.24832, 51.9243, -14.145, -6.49629, 0.934078, 1.81494, 0.125491, 
2.5, -0.4, -0.121135, 0.507482, -0.133615, 0.531443, 0.521501, 0.155398, 0.738493, 0.745894, 0.157074, 10.1747, 14.6243, 4.05052, -0.077361, -0.450367, -0.038545, -8.24832, 51.9243, -14.145, -6.49629, 0.934078, 1.81494, 0.125491, 
2.5, -0.4, -0.121135, 0.507482, -0.133615, 0.531443, 0.521501, 0.155398, 0.738459, 0.745907, 0.157086, 10.1747, 14.6243, 4.05052, -0.077361, -0.450367, -0.038545, -8.24832, 51.9243, -14.145, -6.49629, 0.934078, 1.81494, 0.125491, 
2.5, -0.4, -0.121135, 0.507482, -0.133615, 0.531443, 0.521501, 0.155398, 0.738442, 0.745901, 0.157087, 10.1747, 14.6243, 4.05052, -0.077361, -0.450367, -0.038545, -8.24832, 51.9243, -14.145, -6.49629, 0.934078, 1.81494, 0.125491, 
2.5, -0.4, -0.121135, 0.507482, -0.133615, 0.531443, 0.521501, 0.155398, 0.738428, 0.745971, 0.15715, 10.1747, 14.6243, 4.05052, -0.077361, -0.450367, -0.038545, -8.24832, 51.9243, -14.145, -6.49629, 0.934078, 1.81494, 0.125491, 
2.5, -0.4, -0.121135, 0.507482, -0.133615, 0.531443, 0.521501, 0.155398, 0.738447, 0.745947, 0.157143, 10.1747, 14.6243, 4.05052, -0.077361, -0.450367, -0.038545, -8.24832, 51.9243, -14.145, -6.49629, 0.934078, 1.81494, 0.125491, 
2.5, -0.4, -0.121135, 0.507482, -0.133615, 0.531443, 0.521501, 0.155398, 0.738474, 0.745892, 0.157055, 10.1747, 14.6243, 4.05052, -0.077361, -0.450367, -0.038545, -8.24832, 51.9243, -14.145, -6.49629, 0.934078, 1.81494, 0.125491, 
2.5, -0.4, -0.121135, 0.507482, -0.133615, 0.531443, 0.521501, 0.155398, 0.738456, 0.745912, 0.15705, 10.1747, 14.6243, 4.05052, -0.077361, -0.450367, -0.038545, -8.24832, 51.9243, -14.145, -6.49629, 0.934078, 1.81494, 0.125491, 
2.5, -0.4, -0.121135, 0.507482, -0.133615, 0.531443, 0.521501, 0.155398, 0.738488, 0.745898, 0.157078, 10.1747, 14.6243, 4.05052, -0.077361, -0.450367, -0.038545, -8.24832, 51.9243, -14.145, -6.49629, 0.934078, 1.81494, 0.125491, 
2.5, -0.4, -0.121135, 0.507482, -0.133615, 0.531443, 0.521501, 0.155398, 0.738461, 0.745919, 0.157069, 10.1747, 14.6243, 4.05052, -0.077361, -0.450367, -0.038545, -8.24832, 51.9243, -14.145, -6.49629, 0.934078, 1.81494, 0.125491, 
2.5, -0.4, -0.121135, 0.507482, -0.133615, 0.531443, 0.521501, 0.155398, 0.738436, 0.745973, 0.157177, 10.1747, 14.6243, 4.05052, -0.077361, -0.450367, -0.038545, -8.24832, 51.9243, -14.145, -6.49629, 0.934078, 1.81494, 0.125491, 
2.5, -0.4, -0.121135, 0.507482, -0.133615, 0.531443, 0.521501, 0.155398, 0.738449, 0.745966, 0.157164, 10.1747, 14.6243, 4.05052, -0.077361, -0.450367, -0.038545, -8.24832, 51.9243, -14.145, -6.49629, 0.934078, 1.81494, 0.125491, 
2.5, -0.4, -0.121135, 0.507482, -0.133615, 0.531443, 0.521501, 0.155398, 0.738426, 0.745966, 0.157178, 10.1747, 14.6243, 4.05052, -0.077361, -0.450367, -0.038545, -8.24832, 51.9243, -14.145, -6.49629, 0.934078, 1.81494, 0.125491, 
2.5, -0.4, -0.121135, 0.507482, -0.133615, 0.531443, 0.521501, 0.155398, 0.738454, 0.745912, 0.157047, 10.1747, 14.6243, 4.05052, -0.077361, -0.450367, -0.038545, -8.24832, 51.9243, -14.145, -6.49629, 0.934078, 1.81494, 0.125491, 
2.5, -0.4, -0.121135, 0.507482, -0.133615, 0.531443, 0.521501, 0.155398, 0.738464, 0.745898, 0.157051, 10.1747, 14.6243, 4.05052, -0.077361, -0.450367, -0.038545, -8.24832, 51.9243, -14.145, -6.49629, 0.934078, 1.81494, 0.125491, 
2.5, -0.4, -0.121135, 0.507482, -0.133615, 0.531443, 0.521501, 0.155398, 0.738456, 0.745908, 0.157047, 10.1747, 14.6243, 4.05052, -0.077361, -0.450367, -0.038545, -8.24832, 51.9243, -14.145, -6.49629, 0.934078, 1.81494, 0.125491, 
2.5, -0.4, -0.121135, 0.507482, -0.133615, 0.531443, 0.521501, 0.155398, 0.738455, 0.745922, 0.157054, 10.1747, 14.6243, 4.05052, -0.077361, -0.450367, -0.038545, -8.24832, 51.9243, -14.145, -6.49629, 0.934078, 1.81494, 0.125491, 
2.5, -0.4, -0.121135, 0.507482, -0.133615, 0.531443, 0.521501, 0.155398, 0.738458, 0.745909, 0.157082, 10.1747, 14.6243, 4.05052, -0.077361, -0.450367, -0.038545, -8.24832, 51.9243, -14.145, -6.49629, 0.934078, 1.81494, 0.125491, 
2.5, -0.4, -0.121135, 0.507482, -0.133615, 0.531443, 0.521501, 0.155398, 0.738459, 0.745903, 0.157101, 10.1747, 14.6243, 4.05052, -0.077361, -0.450367, -0.038545, -8.24832, 51.9243, -14.145, -6.49629, 0.934078, 1.81494, 0.125491, 
2.5, -0.4, -0.121135, 0.507482, -0.133615, 0.531443, 0.521501, 0.155398, 0.738431, 0.745975, 0.157192, 10.1747, 14.6243, 4.05052, -0.077361, -0.450367, -0.038545, -8.24832, 51.9243, -14.145, -6.49629, 0.934078, 1.81494, 0.125491, 
2.5, -0.4, -0.121135, 0.507482, -0.133615, 0.531443, 0.521501, 0.155398, 0.738429, 0.74597, 0.157185, 10.1747, 14.6243, 4.05052, -0.077361, -0.450367, -0.038545, -8.24832, 51.9243, -14.145, -6.49629, 0.934078, 1.81494, 0.125491, 
2.5, -0.4, -0.121135, 0.507482, -0.133615, 0.531443, 0.521501, 0.155398, 0.738444, 0.74598, 0.15714, 10.1747, 14.6243, 4.05052, -0.077361, -0.450367, -0.038545, -8.24832, 51.9243, -14.145, -6.49629, 0.934078, 1.81494, 0.125491, 
2.5, -0.4, -0.121135, 0.507482, -0.133615, 0.531443, 0.521501, 0.155398, 0.738441, 0.745921, 0.157037, 10.1747, 14.6243, 4.05052, -0.077361, -0.450367, -0.038545, -8.24832, 51.9243, -14.145, -6.49629, 0.934078, 1.81494, 0.125491, 
2.5, -0.4, -0.121135, 0.507482, -0.133615, 0.531443, 0.521501, 0.155398, 0.738467, 0.74591, 0.157037, 10.1747, 14.6243, 4.05052, -0.077361, -0.450367, -0.038545, -8.24832, 51.9243, -14.145, -6.49629, 0.934078, 1.81494, 0.125491, 
2.5, -0.4, -0.121135, 0.507482, -0.133615, 0.531443, 0.521501, 0.155398, 0.738456, 0.745912, 0.157036, 10.1747, 14.6243, 4.05052, -0.077361, -0.450367, -0.038545, -8.24832, 51.9243, -14.145, -6.49629, 0.934078, 1.81494, 0.125491, 
2.5, -0.4, -0.121135, 0.507482, -0.133615, 0.531443, 0.521501, 0.155398, 0.738455, 0.74591, 0.15706, 10.1747, 14.6243, 4.05052, -0.077361, -0.450367, -0.038545, -8.24832, 51.9243, -14.145, -6.49629, 0.934078, 1.81494, 0.125491, 
2.5, -0.4, -0.121135, 0.507482, -0.133615, 0.531443, 0.521501, 0.155398, 0.738449, 0.745916, 0.157092, 10.1747, 14.6243, 4.05052, -0.077361, -0.450367, -0.038545, -8.24832, 51.9243, -14.145, -6.49629, 0.934078, 1.81494, 0.125491, 
2.5, -0.4, -0.121135, 0.507482, -0.133615, 0.531443, 0.521501, 0.155398, 0.738426, 0.745987, 0.157195, 10.1747, 14.6243, 4.05052, -0.077361, -0.450367, -0.038545, -8.24832, 51.9243, -14.145, -6.49629, 0.934078, 1.81494, 0.125491, 
2.5, -0.4, -0.121135, 0.507482, -0.133615, 0.531443, 0.521501, 0.155398, 0.738463, 0.745919, 0.157084, 10.1747, 14.6243, 4.05052, -0.077361, -0.450367, -0.038545, -8.24832, 51.9243, -14.145, -6.49629, 0.934078, 1.81494, 0.125491, 
2.5, -0.4, -0.121135, 0.507482, -0.133615, 0.531443, 0.521501, 0.155398, 0.738447, 0.74598, 0.157146, 10.1747, 14.6243, 4.05052, -0.077361, -0.450367, -0.038545, -8.24832, 51.9243, -14.145, -6.49629, 0.934078, 1.81494, 0.125491, 
2.5, -0.4, -0.121135, 0.507482, -0.133615, 0.531443, 0.521501, 0.155398, 0.738461, 0.745935, 0.157026, 10.1747, 14.6243, 4.05052, -0.077361, -0.450367, -0.038545, -8.24832, 51.9243, -14.145, -6.49629, 0.934078, 1.81494, 0.125491, 
2.5, -0.4, -0.121135, 0.507482, -0.133615, 0.531443, 0.521501, 0.155398, 0.738423, 0.745849, 0.156777, 10.1747, 14.6243, 4.05052, -0.077361, -0.450367, -0.038545, -8.24832, 51.9243, -14.145, -6.49629, 0.934078, 1.81494, 0.125491, 
2.5, -0.4, -0.121135, 0.507482, -0.133615, 0.531443, 0.521501, 0.155398, 0.738427, 0.745852, 0.156775, 10.1747, 14.6243, 4.05052, -0.077361, -0.450367, -0.038545, -8.24832, 51.9243, -14.145, -6.49629, 0.934078, 1.81494, 0.125491, 
2.5, -0.4, -0.121135, 0.507482, -0.133615, 0.531443, 0.521501, 0.155398, 0.738454, 0.745946, 0.15703, 10.1747, 14.6243, 4.05052, -0.077361, -0.450367, -0.038545, -8.24832, 51.9243, -14.145, -6.49629, 0.934078, 1.81494, 0.125491, 
2.5, -0.4, -0.121135, 0.507482, -0.133615, 0.531443, 0.521501, 0.155398, 0.738444, 0.745947, 0.157061, 10.1747, 14.6243, 4.05052, -0.077361, -0.450367, -0.038545, -8.24832, 51.9243, -14.145, -6.49629, 0.934078, 1.81494, 0.125491, 
2.5, -0.4, -0.121135, 0.507482, -0.133615, 0.531443, 0.521501, 0.155398, 0.738449, 0.745937, 0.15708, 10.1747, 14.6243, 4.05052, -0.077361, -0.450367, -0.038545, -8.24832, 51.9243, -14.145, -6.49629, 0.934078, 1.81494, 0.125491, 
2.5, -0.4, -0.121135, 0.507482, -0.133615, 0.531443, 0.521501, 0.155398, 0.738456, 0.745926, 0.157094, 10.1747, 14.6243, 4.05052, -0.077361, -0.450367, -0.038545, -8.24832, 51.9243, -14.145, -6.49629, 0.934078, 1.81494, 0.125491, 
2.5, -0.4, -0.121135, 0.507482, -0.133615, 0.531443, 0.521501, 0.155398, 0.738437, 0.74594, 0.157059, 10.1747, 14.6243, 4.05052, -0.077361, -0.450367, -0.038545, -8.24832, 51.9243, -14.145, -6.49629, 0.934078, 1.81494, 0.125491, 
2.5, -0.4, -0.121135, 0.507482, -0.133615, 0.531443, 0.521501, 0.155398, 0.738436, 0.745944, 0.157054, 10.1747, 14.6243, 4.05052, -0.077361, -0.450367, -0.038545, -8.24832, 51.9243, -14.145, -6.49629, 0.934078, 1.81494, 0.125491, 
2.5, -0.4, -0.121135, 0.507482, -0.133615, 0.531443, 0.521501, 0.155398, 0.738447, 0.745865, 0.156749, 10.1747, 14.6243, 4.05052, -0.077361, -0.450367, -0.038545, -8.24832, 51.9243, -14.145, -6.49629, 0.934078, 1.81494, 0.125491, 
2.5, -0.4, -0.121135, 0.507482, -0.133615, 0.531443, 0.521501, 0.155398, 0.738447, 0.745865, 0.156749, 10.1747, 14.6243, 4.05052, -0.077361, -0.450367, -0.038545, -8.24832, 51.9243, -14.145, -6.49629, 0.934078, 1.81494, 0.125491, 
2.5, -0.4, -0.121135, 0.507482, -0.133615, 0.531443, 0.521501, 0.155398, 0.738447, 0.745865, 0.156749, 10.1747, 14.6243, 4.05052, -0.077361, -0.450367, -0.038545, -8.24832, 51.9243, -14.145, -6.49629, 0.934078, 1.81494, 0.125491, 
2.5, -0.4, -0.121135, 0.507482, -0.133615, 0.531443, 0.521501, 0.155398, 0.738447, 0.745865, 0.156749, 10.1747, 14.6243, 4.05052, -0.077361, -0.450367, -0.038545, -8.24832, 51.9243, -14.145, -6.49629, 0.934078, 1.81494, 0.125491, 
2.5, -0.4, -0.121135, 0.507482, -0.133615, 0.531443, 0.521501, 0.155398, 0.738447, 0.745865, 0.156749, 10.1747, 14.6243, 4.05052, -0.077361, -0.450367, -0.038545, -8.24832, 51.9243, -14.145, -6.49629, 0.934078, 1.81494, 0.125491, 
2.5, -0.4, -0.121135, 0.507482, -0.133615, 0.531443, 0.521501, 0.155398, 0.738447, 0.745865, 0.156749, 10.1747, 14.6243, 4.05052, -0.077361, -0.450367, -0.038545, -8.24832, 51.9243, -14.145, -6.49629, 0.934078, 1.81494, 0.125491, 
